latitude,longitude,magnitude,magType,depth,nst,gap,alert
0.3422125700946924,-0.01379620663890799,-0.8122832590403328,-0.2856415924440103,-0.5802283635204974,-0.5065060582053463,-0.8126614454061833,0
-0.6675120557462273,1.0016798721201687,2.190370665686607,2.7339980991069552,1.6370197161022162,0.46328762499601245,-0.7790269765970586,0
-0.7852932753969476,-1.2436258427557787,-0.8128419056355257,-0.2856415924440103,-0.5802283635204974,-0.42892256354923763,-0.7455199567728239,0
-0.9512978572228519,-1.2195119391177984,1.1807670683387768,-0.2856415924440103,-0.5802283635204974,1.2779143188851538,-0.704884778366996,0
-0.9826987910380806,0.8975838455496393,1.7484804067984303,-0.2856415924440103,2.231891152098554,1.2391225715570995,-1.1630185477967565,0
-1.1833154828260388,-1.1853994444203082,0.17768546633318916,-0.2856415924440103,-0.11154177758398885,1.5882482975095886,1.327488799759842,0
2.1187799670478915,0.6249216875368659,1.496589462566156,-0.2856415924440103,1.1322803158628993,0.4244958776679581,0.8036570734454762,3
0.25384822679910024,0.7453913886245055,-0.17017035162901423,-0.2856415924440103,0.12280151538426543,-0.467714310877292,-0.5065247741447754,0
0.6606799182851917,0.34512334066175554,-0.19253018710597564,-0.2856415924440103,0.014643072475840378,0.15295364637157763,-0.9924833240746447,3
0.8101866832355464,0.21353650980986297,-1.7169631428946401,-0.2856415924440103,2.2859703735527663,-0.42892256354923763,-0.8692627427747119,0
1.3527213124100068,-2.042823215192142,-0.5130283591456098,-0.2856415924440103,1.9795214519788955,0.4244958776679581,0.7885785736762873,0
-0.059668785593503366,1.3102218746998664,0.2601567082159967,-0.2856415924440103,-0.5261491420662848,-0.3125473215650746,-0.15406025551008512,0
1.3375748612319627,0.7731735707705567,-0.11874735424329466,-0.2856415924440103,2.448208037915404,-0.5452978055334007,1.5673401869930634,0
-1.3089001140962786,-0.17907718109793488,1.1781598689540105,-0.2856415924440103,1.3666236088311534,2.558041980710948,-0.6074337095396974,0
0.6307720523125856,0.16552154782548711,-1.0694815049725523,-0.2856415924440103,-0.5802283635204974,-0.2349638269089659,-0.6404844324683115,0
0.6627819542591321,0.36344344867294487,-0.5916435333289501,-0.2856415924440103,-0.2197002204924139,-0.6616730475175637,0.7596618220855234,3
-0.19403858028975768,-0.020174959842916104,-0.8370629588766875,-0.2856415924440103,-0.6703603992775182,0.23053714102768633,-0.9027396360087295,0
0.8254184627290824,0.16458429459323323,-1.5400536954246666,-0.2856415924440103,2.2499175592499583,-0.7004647948456181,-0.9470804478404088,0
0.8177944068791576,0.16612191833761214,-0.5050359311282421,-0.2856415924440103,0.9339898371974533,0.036578404387414575,-1.1978211366586697,0
1.9885774008889305,0.574532399627399,1.850693958565013,-0.2856415924440103,-0.32785866340083897,0.734829856292393,0.3649297287911583,0
-0.9448619729358062,-1.4323931942172532,0.21113963953585607,-0.2856415924440103,-0.6703603992775182,0.2693288883557407,1.611980568339141,0
0.4159234702573045,1.382308905213187,-0.538646172757786,-0.2856415924440103,-0.6703603992775182,-0.3901308162211833,-0.27630585364633625,0
0.14592631519293292,1.962790859712833,0.3138080762094446,-0.2856415924440103,-0.5802283635204974,-0.6616730475175637,0.9930777424100208,0
1.1059515397220196,0.6367955190101665,-0.11918667819074717,-0.2856415924440103,0.9880690586516658,-0.27375557423702024,-0.6493495664683315,0
0.35497568472182056,0.016242869547220647,-1.5476113929800004,-0.2856415924440103,-0.6703603992775182,0.07537015171546893,-1.3896630300438941,0
-0.9400220678697206,-1.2750946521419326,-1.8952446234492322,-0.2856415924440103,-0.5081227349148807,-0.35133906889312894,-0.4980081535877855,0
-0.9449643157429929,-1.2755460309499485,-0.7297667868883476,-0.2856415924440103,-0.5622019563690932,-0.1573803322528572,-0.4102471030211061,0
1.443282927347338,0.6655523858018164,0.25400569158838765,-0.2856415924440103,-0.12956818473539303,-0.5065060582053463,0.32420925977799053,3
0.19677272351630978,0.05596640650045169,-0.9624275393984434,-0.2856415924440103,-0.5802283635204974,-0.35133906889312894,-1.252267141950453,0
1.1370665106768343,-2.2483077294343876,1.6491450810592798,-0.2856415924440103,-0.3458850705522431,0.967580340260719,0.9321203725640871,3
0.06261347071728449,0.7260077881046755,0.919054482463998,-0.2856415924440103,-0.4179906991578598,0.15295364637157763,0.01827225964006339,0
-0.9396061012156223,0.9318798275674613,1.663725942862185,-0.2856415924440103,2.1958383377957458,-0.2349638269089659,-0.8022848299028326,0
-0.7802265104415983,1.1319294473814845,1.1746036410727088,-0.2856415924440103,0.8438578014404324,-0.3901308162211833,0.35393876959825477,0
-0.04455212754377371,1.48252821167975,-1.430295672722529,2.7339980991069552,-0.20167381334100973,-1.0883822681261617,2.290029524608936,0
1.2139131375945293,0.6094676514692564,1.5620677035654393,-0.2856415924440103,-0.5802283635204974,0.6572463616362842,-0.780707048415533,2
0.8965124430976538,-2.1093894792113237,0.5963655130279241,-0.2856415924440103,-0.021409741826967973,0.734829856292393,-0.7114881248358024,0
-0.07451531548937557,0.3065293516524859,0.6794013213534269,-0.2856415924440103,-0.5802283635204974,0.23053714102768633,-0.1798609312543515,0
-1.1954997351642966,-1.1859366952942392,0.34722769620284355,-0.2856415924440103,-0.2737794419466264,-0.0022133429406397784,1.4185679848052137,0
-0.05489341335306073,0.6451948345856635,1.4601548083269489,-0.2856415924440103,-0.5802283635204974,0.2693288883557407,-0.6303197397778939,0
-0.8999856754125457,-1.4422185732463704,0.08150822710727978,-0.2856415924440103,-0.3098322562494348,-0.35133906889312894,1.6205792438008721,0
-1.229582846527426,0.018890224604965124,-1.2945069265069542,-0.2856415924440103,-0.5261491420662848,-0.42892256354923763,-0.4504844627875061,0
0.16126505713425765,1.3357926676612797,-0.5840526396881955,-0.2856415924440103,-0.5802283635204974,-0.7392565421736724,0.05197910766072093,0
0.834526340033286,-1.9589548308149694,-0.7352078047655007,-0.2856415924440103,-0.5802283635204974,-0.3901308162211833,-0.881871050633648,0
1.157578397235867,-2.028850288774249,-1.0236584965046551,-0.2856415924440103,-0.5802283635204974,-0.8168400368297811,-0.7693402254536268,0
1.820909748446244,0.3972425470273075,1.4655376382707652,-0.2856415924440103,-0.2918058490980306,-0.467714310877292,-0.2178794943536794,0
0.3862057060490476,1.3524768027243925,-0.0072098118679395804,-0.2856415924440103,-0.5802283635204974,-0.7004647948456181,-0.04513218097910549,0
0.40625122212144243,1.353536625486628,0.05249013619324316,-0.2856415924440103,-0.5802283635204974,-0.6228813001895094,0.17781985411563586,0
0.15715360542688053,0.07307109450176444,-0.1437606508301541,-0.2856415924440103,-0.63430758497471,-0.5065060582053463,-1.080099679047436,0
0.24174158442295912,0.023575756816953133,-0.5681730533661844,-0.2856415924440103,-0.6523339921261141,-0.6616730475175637,-0.703320331867726,0
0.580003396094113,-2.0088259505318184,-0.1720237180672361,-0.2856415924440103,-0.25575303479522227,-0.5452978055334007,-0.7557313001269248,0
0.7870745431243378,0.22366794568929318,-0.037595223091788005,-0.2856415924440103,3.7461093528165046,0.6960381089643386,-1.2773452821629276,0
-1.3328330932710997,-0.4838378769802389,-1.020102944968327,-0.2856415924440103,-0.39996429200645567,0.4244958776679581,-0.09373343928128669,0
1.744103973365751,0.541686701389478,1.406924762066936,-0.2856415924440103,-0.0033833346755637976,-0.0022133429406397784,0.05650167745632146,0
0.759598038420277,0.20737720744097285,-0.6023604966325464,-0.2856415924440103,2.3761024093097873,0.2693288883557407,-1.3052592800939187,0
0.3887581925173969,1.3597473043052122,0.3492215846159132,-0.2856415924440103,-0.6703603992775182,-0.27375557423702024,-0.6051961740706813,0
1.649453592709969,0.6279528980687455,0.48113123161659005,-0.2856415924440103,-0.47206992061207237,-0.7780482895017268,0.5135923568948819,0
-1.0840122570128625,-1.3198391361287165,0.06519381770626047,-0.2856415924440103,-0.3639114777036473,0.7736216036204473,1.5269906614389992,0
-0.9572200943320509,-1.4318126403357212,-0.23561349285878344,-0.2856415924440103,-0.6703603992775182,-0.04100509026869413,1.7870007900092004,0
1.0860170940239797,0.5325328859527747,-0.22483093330367532,-0.2856415924440103,0.14082792253566961,-0.2349638269089659,-0.411219698676074,3
1.0297186853618687,0.5656956502802286,-0.4347586124851374,-0.2856415924440103,-0.20167381334100973,-0.584089552861455,0.028777549297249783,3
0.6870131276812538,0.251345173088112,0.3145373382783005,-0.2856415924440103,0.6635937299263907,1.2391225715570995,-1.125847173315748,0
1.2530843353311718,-2.3143411462753276,0.33020717772636965,-0.2856415924440103,-0.3819378848550515,0.6572463616362842,1.2975436602052206,0
0.5530526544637704,0.16248006200367032,-1.2933657643726084,-0.2856415924440103,-0.5802283635204974,-0.0022133429406397784,-1.173661998813457,0
-1.435187044452279,-0.06434989918739202,-0.9157758155829943,-0.2856415924440103,-0.09351537043258468,0.5408711196521212,-1.2464853497958817,0
-1.1596078852554887,-1.2591503379543958,-0.1688770375628849,-0.2856415924440103,-0.39996429200645567,-0.6616730475175637,2.4452427855022334,0
-0.6186615595914498,-0.7681624890732894,0.8165812400351358,-0.2856415924440103,-0.5802283635204974,2.053749265446241,-0.16542442001245283,0
-1.3517305789038787,-0.8719671377791322,-0.8719409447625435,-0.2856415924440103,-0.39996429200645567,-0.3125473215650746,2.41781521105708,0
0.5730836435432562,0.27309796188806645,-0.696665989950594,-0.2856415924440103,-0.5802283635204974,-0.19617207958091154,-0.971606570906595,0
-0.8813525753649988,-1.2729706029217727,-0.46989426473309137,-0.2856415924440103,-0.6703603992775182,-0.6616730475175637,-0.7856420092927269,0
-0.7881080437372702,0.9676730661191892,2.2087751053910085,5.753637790657921,2.231891152098554,5.15708905169059,-1.4785966850958474,0
0.2635519169196147,1.3269544504155468,-0.31530162718870125,2.7339980991069552,-0.5802283635204974,-1.0495905207981073,0.061331576169639565,0
0.2320091246022023,1.3445883158486958,-0.5431457696241059,-0.2856415924440103,-0.5081227349148807,-1.127174015454216,0.48185005157057703,0
-0.954906464604252,-1.436712485737858,2.2506166516210975,-0.2856415924440103,-0.6703603992775182,2.2477080020865126,1.2163187288883033,0
1.0080141923849788,0.6371346035781379,-0.34603237879883136,-0.2856415924440103,-0.5802283635204974,-0.8944235314858898,0.6573487802502123,3
0.5727365024269908,0.2728829147486378,1.2814738230999212,-0.2856415924440103,-0.5802283635204974,-0.27375557423702024,-0.9778580739860072,1
0.9772063351373966,0.5609903014376448,0.6706705589670242,-0.2856415924440103,-0.6703603992775182,-0.6616730475175637,-0.44692237832306886,2
-0.8307964794713413,-1.1815528162368762,-0.1436877876420131,-0.2856415924440103,4.647429710386714,0.5408711196521212,-0.8088357140091131,0
0.8996212053658987,0.20106157387515744,1.9859618922360531,5.753637790657921,0.8799106157432408,3.8381696425367413,-1.2256145889605576,3
-0.9580964899042592,-1.4311586915260608,2.0075090761628456,-0.2856415924440103,-0.5802283635204974,-0.1573803322528572,1.3764785936905974,3
-1.3486405084122242,-0.7452478585609966,0.4710907950435712,-0.2856415924440103,-0.12956818473539303,-0.3125473215650746,1.4114961839951,0
0.8494799531983165,0.5778990249808434,0.006777619896045911,-0.2856415924440103,-0.6703603992775182,-0.9720070261419986,0.6394500043983231,3
0.9415282395528213,0.2327916692054622,-0.20946421156678255,-0.2856415924440103,-0.5081227349148807,-1.0495905207981073,0.5098420833390014,3
-1.634041165672023,-0.13225635459427715,0.10312784300727719,-0.2856415924440103,-0.3098322562494348,-0.7392565421736724,1.5051350296983144,0
0.1269492295990089,1.8544716889775514,1.0056035636505165,-0.2856415924440103,0.5734616941693698,-0.6616730475175637,-0.6855570157207537,0
-0.030581936362994493,0.7837336330302815,-1.2147193305396875,-0.2856415924440103,-0.6703603992775182,-0.8944235314858898,-0.37317738614796153,0
-1.1040481358042473,-1.1868952330556528,-0.8512178890309321,-0.2856415924440103,1.2584651659227284,-0.5065060582053463,1.1901226063060275,0
-1.4488993886160635,0.3466191292970988,-0.5989973031633017,-0.2856415924440103,0.032669479627244556,-0.3901308162211833,-0.8617644575133112,0
0.042134447570781615,0.8387710217383888,0.6480686301643714,-0.2856415924440103,-0.47206992061207237,-0.3125473215650746,-1.3626623720006172,0
0.67733648733325,0.25912430152089094,0.28569230552139296,-0.2856415924440103,-0.03943614897837215,-0.3125473215650746,-0.7207974611149324,3
1.129034618740271,0.1979268764946122,2.0727499722598073,-0.2856415924440103,-0.2918058490980306,1.0063720875887734,-0.4610022711581455,3
0.27719094383347254,0.7147497400784079,1.6065149365033686,-0.2856415924440103,-0.5441755492176891,0.30812063568379505,-0.3897265912848177,0
-1.7784757500268151,-0.49854622057802217,2.16188781107472,5.753637790657921,-0.05746255612977633,5.001922062378372,-0.1913600528282223,0
1.7991586042064116,0.606096622420124,0.0412153886200205,-0.2856415924440103,-0.3639114777036473,-0.7780482895017268,1.4449934338823616,0
0.3366380711014675,-0.010679857990395917,-1.9586584652980843,-0.2856415924440103,-0.6162811778233057,-0.8944235314858898,-0.7783774485685665,0
-0.24272936480820884,-1.6866412987108275,0.6464950779625402,-0.2856415924440103,0.8979370228946449,0.6960381089643386,-0.5025278332412588,0
0.05788551731083821,-0.07878888339892713,-0.784904086064051,-0.2856415924440103,-0.7244396207317308,-0.42892256354923763,-0.8900873241651781,0
-1.6259915627441053,-0.13582334810152363,0.43005230042050807,-0.2856415924440103,-0.3639114777036473,0.967580340260719,1.0826511634071403,0
1.1071745362678997,0.6027630247843393,0.1748934551958258,-0.2856415924440103,-0.2918058490980306,-0.3125473215650746,-0.7513374044851597,3
-1.5450115657011607,0.04843094922907311,-1.1841209325962767,-0.2856415924440103,-0.3639114777036473,-0.584089552861455,-0.38922760196364514,0
-1.4246102564722325,0.2434199887483504,0.1421868365106582,-0.2856415924440103,0.19490714398988213,0.15295364637157763,-1.1792023384420562,0
0.8294249633091174,0.7660351800603757,-1.8030015649980207,-0.2856415924440103,-0.4179906991578598,-1.0495905207981073,0.6778444116325362,0
1.6275774765311386,0.6239337918042005,0.5334089408560161,-0.2856415924440103,-0.20167381334100973,-0.7392565421736724,0.26464632067923755,0
0.01057715668901786,1.8982532315072362,-0.39712170769153726,-0.2856415924440103,-0.5081227349148807,-0.9720070261419986,-0.16008268341133117,0
-1.341537462736552,-0.9592637992493805,-0.31734867370351844,-0.2856415924440103,-0.3098322562494348,0.11416189904352328,1.782425946338604,0
0.7430725903193757,0.17633702443511357,-0.2539604276272015,-0.2856415924440103,3.8542677957249296,0.30812063568379505,-1.3479579885639545,0
-1.358090615799376,-0.08822013166397191,-0.2932963467209979,-0.2856415924440103,1.2764915730741326,0.5796628669801756,-1.0380653891207647,0
0.18397134405071686,0.06338956953178733,0.8514150360756254,-0.2856415924440103,-0.742466027883135,1.3942895608693169,-1.5931719716849548,0
0.7499647204593992,0.31158552825154373,-1.0177178286696777,-0.2856415924440103,1.6730725304050245,-0.7004647948456181,-0.08911260465336254,0
0.4073398653043325,1.37657822922459,-0.13169290528230984,-0.2856415924440103,-0.6883868064289225,-0.6228813001895094,0.2159769555495379,0
-1.4682649220203758,0.055738882223241866,-0.6057052538153915,-0.2856415924440103,0.014643072475840378,-0.11858858492480283,0.1708127045283232,0
0.2233657628212564,-1.7168345042460333,0.12577195461753785,-0.2856415924440103,2.8808418095491044,0.5408711196521212,0.48112450023830516,0
-0.6069265921767414,0.9394673952378141,1.5164725867098527,-0.2856415924440103,2.9168946238519124,0.2693288883557407,-0.5164271550225641,0
-0.03817747836969473,0.7832360154175422,0.8210188954215308,-0.2856415924440103,-0.6523339921261141,0.11416189904352328,-0.8067318790280668,0
-1.4900696256626358,-1.1901165364513933,2.2294304558848212,-0.2856415924440103,-0.39996429200645567,3.9545448845209044,1.5082835253999778,3
-0.0357093110030441,0.788937333434886,1.895832169016348,-0.2856415924440103,-0.742466027883135,1.5494565501815343,-1.2985714912116577,0
-1.3671834330752166,0.380221529244066,-0.35533933589262984,-0.2856415924440103,0.4292504369581364,-0.11858858492480283,-0.6210829083686498,0
-0.3389923269625612,-1.6807513557281828,-0.6444725665854907,-0.2856415924440103,-0.05746255612977633,0.036578404387414575,-0.18592608299573804,0
-0.04198423279723123,0.782763352080368,0.3760245283482429,-0.2856415924440103,-0.6162811778233057,-0.04100509026869413,-0.24405438067423657,0
1.0617292695937965,0.055239796711938516,0.6383800998826091,-0.2856415924440103,0.9700426515002617,-0.2349638269089659,0.7029414005980141,3
0.05891633680766777,-1.9459015428465787,1.8643287257215484,-0.2856415924440103,-0.3819378848550515,1.8209987814779147,1.3086341408139812,3
-1.3867666155161458,0.3606463679618098,0.9072154067795168,-0.2856415924440103,0.5374088798665615,1.2779143188851538,-1.3754301088953724,0
-0.8431440254441764,-1.5502515037619333,0.7562865176072445,-0.2856415924440103,-0.5802283635204974,-0.2349638269089659,1.3943191897248821,0
-1.2203744955936948,-0.05790435659878321,-1.758150382786664,-0.2856415924440103,2.1057063020387248,-0.35133906889312894,0.10746883123547098,0
0.16431123393305225,1.9440046939080013,-0.8642075615887745,-0.2856415924440103,-0.6162811778233057,-1.0495905207981073,0.9966498324208445,0
-0.8897834621068025,0.9058598576458763,1.3922490307206161,-0.2856415924440103,1.2404387587713244,-0.8556317841578355,-0.3496923425393217,0
-1.1729247313266118,-1.2466937507517233,-0.29604884829249256,-0.2856415924440103,-0.47206992061207237,-0.1573803322528572,1.6922023690212262,0
-1.1157066872562564,-0.2727511278736287,0.003736183502531665,-0.2856415924440103,-0.5261491420662848,0.19174539369963198,0.7299176102379166,0
-1.1929539009784143,-1.186491560950922,0.5824313954787379,-0.2856415924440103,-0.6162811778233057,0.9287885929326647,1.3914882326821474,0
-1.1875718064627,0.35652744459500446,-0.012825227219599986,-0.2856415924440103,2.1778119306443413,-0.04100509026869413,0.42572462238620395,0
0.12239400810824748,0.13943992616427064,-0.7029247277207087,-0.2856415924440103,-0.6883868064289225,0.30812063568379505,-0.7874529346521028,0
1.5796387410741637,-2.25889421386824,-0.19169692055552895,-0.2856415924440103,-0.25575303479522227,0.15295364637157763,-0.7260358437204197,0
0.7903418159223524,0.22413033373652885,2.140131394096968,5.753637790657921,1.8713630090704705,7.135468165421361,-1.462845159186089,0
0.1750487001203817,0.06266369369255548,-0.6669537452731847,-0.2856415924440103,-0.6703603992775182,0.07537015171546893,-1.3249765836355616,0
0.7208633327562853,0.40846683338663414,0.4889445261289748,-0.2856415924440103,-0.5802283635204974,0.9287885929326647,-1.44513000160304,1
-0.8989149422209132,-1.3275602825682709,-0.3000522914469189,-0.2856415924440103,1.6009669017994077,-0.0022133429406397784,-0.2836933082400779,0
0.7208427060609967,0.3756013185181174,1.2833124323755465,-0.2856415924440103,0.23095995829269048,0.6960381089643386,-1.3817568184992677,1
1.791919328882951,0.5867210953423873,1.5228614266490985,-0.2856415924440103,0.8979370228946449,-0.3125473215650746,1.2498259057854784,0
0.9829536086891428,-2.0710699872332703,1.2556650667654154,-0.2856415924440103,-0.12956818473539303,1.2391225715570995,-1.3676609670533149,0
0.1871878647663621,1.9501625283783304,0.7063204540894463,-0.2856415924440103,-0.5802283635204974,-0.8944235314858898,1.2938417651153817,0
-0.6673389826878515,-0.7503010993629291,1.0780709347702477,-0.2856415924440103,-0.5622019563690932,0.734829856292393,-0.5240267209167695,0
-0.2762854107143273,1.611213007073278,1.7682454012398503,-0.2856415924440103,-0.5261491420662848,-0.42892256354923763,-1.2114842835648445,0
0.7355083939067498,0.29877884724167864,-0.05784974303679032,-0.2856415924440103,1.5829404946480037,-0.42892256354923763,-0.7245708558078302,0
-1.4840909862952538,0.11705520703309412,-0.35175434039798364,-0.2856415924440103,-0.11154177758398885,0.9287885929326647,-0.3505611443944183,0
0.5558949842906395,0.6907642775646611,1.0103949890201673,-0.2856415924440103,-0.5622019563690932,1.4330813081973712,-1.0405958970406284,1
-1.557483060184922,-0.09308107775419694,-1.260717693360952,-0.2856415924440103,0.0687222939300529,-0.27375557423702024,0.9928435152393675,0
0.9612671109891832,0.028001470983352948,0.13495901172063368,-0.2856415924440103,-0.5802283635204974,0.7736216036204473,-0.36381420526441893,0
0.11953949664446736,0.9095516225309482,0.7325386885434049,-0.2856415924440103,-0.5802283635204974,-0.1573803322528572,-1.3135494642981627,0
0.4426579416360714,0.022073362638077906,-1.50730457987651,-0.2856415924440103,-0.5802283635204974,-0.467714310877292,-0.8842202335496201,0
0.7783764439326106,0.2851839047036676,-1.039469734925777,-0.2856415924440103,2.8988682167005084,-0.3901308162211833,-0.3962135781184175,0
-1.2876107633453182,-0.17682909444923198,0.12715144440894577,-0.2856415924440103,1.2945179802255369,0.6960381089643386,-0.579823302190412,0
-0.21512023199924443,0.8146813384266923,0.6472913940233365,-0.2856415924440103,-0.4540435134606682,-0.7004647948456181,1.0575447500651602,0
1.2609936717561292,0.6204416611236493,-0.1273398213187461,-0.2856415924440103,-0.7064132135803266,-1.010798773470053,-0.2174310196905553,0
-1.1101158134138815,0.7122792667974644,1.397729022705702,-0.2856415924440103,1.9074158233732788,0.8124133509485016,-1.2098778043463772,0
-1.3925744561097562,-0.012491978765990903,-1.5801708755360087,-0.2856415924440103,-0.5802283635204974,-0.8168400368297811,-0.5955875824230363,0
1.0455222910762811,0.6331213689078435,0.3951903827660426,-0.2856415924440103,-0.3098322562494348,-0.5452978055334007,-0.25503415627369175,3
0.5707704971009359,0.1810365016834468,1.0420645746320212,-0.2856415924440103,-0.6703603992775182,1.2003308242290451,-1.5769818981219872,1
0.9911553186142422,-2.0591022102519627,0.8903540794338274,-0.2856415924440103,0.15885432968707378,0.2693288883557407,-1.080666838025304,0
0.17123847740882386,0.09002458895112393,-0.08930426084689318,-0.2856415924440103,-0.7244396207317308,0.11416189904352328,-1.1323115416457437,0
0.39066293430192767,1.3758912526972686,0.4257437812520275,-0.2856415924440103,-0.5261491420662848,-0.8168400368297811,-0.4678934380853115,0
-1.300290354870359,-0.7409564571130809,-0.3570797906545194,-0.2856415924440103,0.6095145084721781,-0.42892256354923763,1.231136738890986,0
0.870560922622422,0.5849970484805515,-0.022408164423189637,2.7339980991069552,-0.5802283635204974,-0.3901308162211833,-0.4878876298085724,3
-1.2228022944086219,-0.05462433726053533,0.31317110938547094,-0.2856415924440103,2.123732709190129,0.9287885929326647,-0.65745461861326,0
-1.1478620012746805,-0.938661108973266,-0.8979092356324012,-0.2856415924440103,-0.5441755492176891,-0.0022133429406397784,-0.5331070448469097,0
-0.9459407798377834,-0.8048672926324235,-0.027410872999667688,-0.2856415924440103,-0.5802283635204974,0.734829856292393,-1.2168735818527112,0
0.2068880022930597,0.07285678131161712,0.2210713077623195,-0.2856415924440103,-0.5802283635204974,0.5020793723240669,-1.2019282799380786,0
0.25610124684219854,-1.8860795387735056,1.8260848268866392,-0.2856415924440103,-0.2737794419466264,1.9761657707901321,-1.2159498672971985,0
1.0109621200888743,0.6518634977557957,1.9797804900025295,-0.2856415924440103,-0.5622019563690932,2.208916254758458,-1.1604774217460347,1
0.06978150407552018,-0.07499803536087742,-0.8084026101098226,-0.2856415924440103,-0.5802283635204974,-0.6228813001895094,-0.9020118228260973,0
0.4174837432099796,-0.014726854327631288,-1.5091715710170368,-0.2856415924440103,-0.5802283635204974,-0.7392565421736724,-0.9681681813837416,0
0.5689268767151415,-2.0384239231998698,-0.10492604028379342,-0.2856415924440103,-0.3458850705522431,-0.467714310877292,-0.06595955041428689,0
-1.3462331781587344,-1.0599146678933635,0.7250194710908414,-0.2856415924440103,-0.5802283635204974,0.46328762499601245,1.4828610812993104,0
0.9539732954780594,-1.9331565135763449,0.5427080713444695,-0.2856415924440103,2.7726833666406794,0.734829856292393,-1.0152436959594862,0
0.8720394776864143,0.0636809473964753,0.5209517089057094,-0.2856415924440103,0.3751712155039239,0.5020793723240669,-0.7107437247505273,3
-1.4226784791294695,0.3004170220375993,-0.7789964327921349,-0.2856415924440103,0.014643072475840378,-0.42892256354923763,-0.9516802975233227,0
0.00250879091311544,1.860165667502082,0.19525745187045082,2.7339980991069552,-0.5802283635204974,-1.0495905207981073,1.114926008832963,0
-1.3863990911241157,-0.12369190043047751,-1.4231376740937056,-0.2856415924440103,0.4472768441095406,-0.42892256354923763,-0.48646492593188667,0
-0.7671833745225847,0.9416178666321006,1.2943979359599673,-0.2856415924440103,1.4207028302853661,0.036578404387414575,0.038572366624567124,0
0.7082049293905449,0.2396614344786777,-0.5681312427132079,-0.2856415924440103,0.4292504369581364,-0.3125473215650746,-0.8059791854914702,3
-1.2093112381368214,0.01663186266632366,-1.064226036347403,-0.2856415924440103,-0.47206992061207237,-0.584089552861455,-0.4472236560057081,0
0.6058817841050427,0.7288202817507184,-0.4898494679440751,-0.2856415924440103,-0.5622019563690932,-0.9332152788139442,1.6073327171652456,0
-1.4389500757583011,-0.5750538276127705,0.3616456186068188,-0.2856415924440103,-0.1475945918867972,0.5408711196521212,1.530139659774077,0
1.4675302126544523,-2.31464133153139,0.27191835850736407,-0.2856415924440103,-0.5081227349148807,-0.7392565421736724,-0.34805576814522593,0
-1.52389233143859,-0.23459383868674832,0.3290735067002352,-0.2856415924440103,-0.39996429200645567,-0.0022133429406397784,1.0884022949234924,0
0.36383260182709587,-0.00897709565771857,-1.148038084663994,-0.2856415924440103,-0.5802283635204974,-0.7004647948456181,-0.8626782450589089,0
1.6575722201756231,0.6196460601026914,0.2140396740810155,-0.2856415924440103,-0.2197002204924139,-0.584089552861455,0.17379005355271707,0
0.6719186439064145,-2.037802268158588,-0.29688750250338164,-0.2856415924440103,-0.3819378848550515,-0.19617207958091154,-0.36297518443906723,0
0.660702256024288,0.3221118288443276,-0.7652990373889373,-0.2856415924440103,-0.3639114777036473,-0.467714310877292,-0.25999257206790416,3
0.8332535295474356,0.1723245237141019,-0.28509055654827686,-0.2856415924440103,2.1597855234929373,0.19174539369963198,-1.0578772191587191,0
0.6602567592060326,0.33484071123037207,-0.09144371281711733,-0.2856415924440103,0.8799106157432408,3.256293432615926,-1.23492515826228,0
1.0536454955397012,0.5984907060177395,-0.018419467431917864,-0.2856415924440103,1.943468637676087,-0.0022133429406397784,-0.44744719043585607,0
-1.2267242982084736,-0.2160630872318183,0.17751061175492722,-0.2856415924440103,-0.7064132135803266,4.420045852457557,-1.3711905531261157,0
0.8589956736962981,0.583546764700649,0.0976583635383878,-0.2856415924440103,-0.5802283635204974,1.3167060662132082,-0.8112269296442824,3
0.8772702754188375,0.5810175754771995,0.3092653227265531,-0.2856415924440103,0.19490714398988213,1.3942895608693169,-0.8332638863888591,3
-0.3148419261795839,0.8935207023282161,1.728385766714337,-0.2856415924440103,2.3761024093097873,1.3167060662132082,-1.3170666416085697,0
1.9183034849057785,0.6418964665153839,1.561183539470121,-0.2856415924440103,0.19490714398988213,1.1227473295729364,0.7043128358665309,0
-1.3822901411298032,-0.9457752793571619,0.7598882821191765,-0.2856415924440103,-0.5622019563690932,2.092541012774295,1.5888502582620225,0
-1.4276650755525229,-0.9414868137063728,1.92303930058462,-0.2856415924440103,-0.5802283635204974,5.118297304362535,1.2091484119291582,3
0.5620429157182426,-2.0421377065633832,1.6022151902749122,-0.2856415924440103,-0.3098322562494348,5.351047788330861,0.06979419504927556,3
0.0774464117626469,0.1981419236340422,0.5545208530798346,-0.2856415924440103,-0.6523339921261141,4.070920126505068,-0.8442555995318828,0
1.0015954789466945,0.6392564509504514,-0.07539463706442615,-0.2856415924440103,-0.39996429200645567,-0.6616730475175637,-0.10203958209640711,3
-1.6332779157588717,-0.04061838312498283,-1.0313344546848398,-0.2856415924440103,-0.25575303479522227,-0.9720070261419986,1.0447210637885738,0
0.057007245453831706,-0.08261569495176183,0.020022837033189755,2.7339980991069552,-0.5802283635204974,1.0063720875887734,-0.9378445588688148,0
1.1100503691498438,0.4484589957768307,1.4705143711393471,-0.2856415924440103,2.952947438154721,0.46328762499601245,-0.33744632342040237,0
-1.4277267086652958,-0.9326375872214199,-0.5288022690963219,-0.2856415924440103,-0.5802283635204974,-0.6616730475175637,2.692609547532912,0
-1.487398933251986,-0.7044314711278705,0.20369758253125808,-0.2856415924440103,-0.39996429200645567,-0.2349638269089659,1.5891517126517216,0
-0.03264027764397781,0.3111150667622135,0.3418020306131896,-0.2856415924440103,-0.09351537043258468,-0.11858858492480283,-0.1964112673163876,0
-1.2485535641244585,-0.3838871959506399,-1.1627276098529635,-0.2856415924440103,-0.6883868064289225,-0.07979683759674848,-0.058565310269464085,0
-1.1790937283153606,-0.24652565215327094,-0.3916225676733713,-0.2856415924440103,-0.6162811778233057,1.0451638349168277,-0.7417422268667354,0
-1.1729718090179175,0.40183853742697506,-0.5682603444724543,-0.2856415924440103,2.520313666521021,0.38570413033990375,0.2903406894565653,0
-0.6276258797871559,-0.7584457345378087,-0.09600252026859465,-0.2856415924440103,-0.6703603992775182,-0.04100509026869413,1.5140334003327964,0
0.4117851251344834,1.3957049474959573,-0.27769853586064436,-0.2856415924440103,-0.5441755492176891,-0.3901308162211833,-0.14409535960150174,0
0.9627894886746418,-0.08596397157317442,-0.6514070272602547,-0.2856415924440103,-0.6703603992775182,-0.7392565421736724,0.13119966258327323,0
0.5619407861252376,1.2778194818278668,0.6230045679771936,-0.2856415924440103,-0.39996429200645567,-0.3901308162211833,0.599247247800978,0
1.0991660978913165,0.6488748562822357,-0.39646449672952017,-0.2856415924440103,1.1863595373171119,-0.3901308162211833,-0.5198088726280544,0
-1.3546803260354574,0.3132493912723108,-0.7346093624470545,-0.2856415924440103,-0.5802283635204974,-0.6616730475175637,-0.03075334692139748,0
0.6433999322914397,-1.9241010473433393,-1.3459861607551327,-0.2856415924440103,-0.6703603992775182,-0.11858858492480283,0.3917721122847376,0
1.24160522493443,-2.1534381792794144,-0.9549159552368898,-0.2856415924440103,-0.1475945918867972,-0.5452978055334007,-0.5468122244722817,0
0.037310291925579914,1.2959377537866912,-0.28036755940907504,-0.2856415924440103,-0.5441755492176891,-0.8168400368297811,-0.554199302090963,0
1.4079307651750945,0.5262128486912713,1.1059933152439927,-0.2856415924440103,1.6009669017994077,0.2693288883557407,-0.6328234824684926,0
1.1304522656197085,0.39492620309544263,1.082521170610941,-0.2856415924440103,4.232822345904418,0.5408711196521212,0.25596087812451523,0
0.565900926835045,0.13443365811634436,-1.7986550622355768,-0.2856415924440103,-0.6703603992775182,-0.7392565421736724,0.18604080056718136,0
0.07897069416146138,0.8728981954215057,-0.16282679356186458,-0.2856415924440103,-0.6703603992775182,-0.6228813001895094,-0.07391733685931862,0
-0.03842867310422277,1.9310372780055258,1.0868593813398237,-0.2856415924440103,-0.2737794419466264,-0.584089552861455,0.12874222499588578,0
0.5629798214751998,0.1351147630494153,-1.0762570279019084,-0.2856415924440103,-0.6703603992775182,-0.2349638269089659,-1.2709815661739694,0
-1.6125098310391817,-0.15310932157532403,-1.174436068404626,-0.2856415924440103,-0.32785866340083897,-0.7004647948456181,1.5134779904109676,0
0.3784478369787263,1.823543066262455,0.19402206594589286,-0.2856415924440103,-0.6703603992775182,-0.7004647948456181,1.393131843944031,0
-0.7430526463014331,1.0776083931719518,0.8638251863700518,-0.2856415924440103,-0.6703603992775182,-0.467714310877292,-0.3082603959294578,0
0.5085262556268578,0.10175383241600318,0.29839856393559283,-0.2856415924440103,-0.6703603992775182,1.2391225715570995,-1.2483106630367167,1
1.1632622040328788,0.39738346528932217,0.9942920464123377,-0.2856415924440103,4.142690310147397,-0.3125473215650746,0.3126327326584526,0
0.14612645223809786,0.11826255360087748,-0.4127444133096085,-0.2856415924440103,-0.6703603992775182,0.15295364637157763,-0.7394888270306083,0
0.5214662385247948,1.6873807955907734,0.7805200991453964,-0.2856415924440103,-0.5802283635204974,-0.7392565421736724,1.3457812632327928,0
1.3098519004785607,0.4946985344496779,0.17166394034027185,-0.2856415924440103,-0.5802283635204974,-0.8168400368297811,0.09949822371157349,0
0.09959748895011872,1.3737437171001075,-0.981783483364395,-0.2856415924440103,-0.5441755492176891,-1.127174015454216,0.363693627569205,0
1.0541617581448426,0.804736325664719,1.072107500366973,-0.2856415924440103,-0.5261491420662848,0.07537015171546893,0.15103684419401686,0
0.3747319402211255,1.383903043052228,2.172657944529333,-0.2856415924440103,-0.6703603992775182,0.15295364637157763,-0.32647583083180154,0
0.28110356620933197,0.22488483359773243,0.9040093189009073,-0.2856415924440103,-0.6703603992775182,0.6960381089643386,-0.5484690298612679,0
0.6674401937353219,0.34091707733047233,1.2542342386413292,-0.2856415924440103,1.0782010944086866,0.5796628669801756,-0.4291295952922345,3
1.3156260248029146,0.7858782328303174,-0.2655452241147108,2.7339980991069552,3.043079473911742,-0.7004647948456181,1.645027207371271,0
-0.9385849474283603,0.9266071359304121,1.3767405266357944,2.7339980991069552,2.2859703735527663,-0.9720070261419986,-0.3764970285268945,0
-1.1880782896440438,0.2074917035288584,-0.473527021890027,-0.2856415924440103,-0.5261491420662848,-0.35133906889312894,0.6017279950129129,0
-1.1658398799277727,0.2075643645077097,-0.536732112974865,2.7339980991069552,-0.5802283635204974,-0.8556317841578355,0.7712006516990547,0
0.16713583855428785,0.05210803512851859,-1.5489918579479025,-0.2856415924440103,-0.5802283635204974,-0.584089552861455,-0.19376226356931045,0
0.6984037328711974,0.2515917800466404,0.09047266467212536,-0.2856415924440103,0.7356993585320074,0.851205098276556,-1.1126462606623897,3
1.721863289364876,0.6081436069657448,0.025238625795133838,-0.2856415924440103,-0.12956818473539303,-0.8944235314858898,0.8708492338098259,0
0.39274873756950607,1.3691257082220014,0.6828315795277659,-0.2856415924440103,-0.5802283635204974,-0.5452978055334007,-0.25591081177587305,0
1.1236191775265485,-2.0320172799231715,-0.5253295702267221,2.7339980991069552,-0.5802283635204974,-0.3901308162211833,-0.26581639694167236,0
0.0036640706349070572,0.32055585636791556,-0.1944734873523866,2.7339980991069552,-0.5802283635204974,-0.6616730475175637,1.1295861919438335,0
-1.0190726755687372,-1.365242706570133,1.9875449722927698,-0.2856415924440103,-0.5622019563690932,1.743415286821806,1.4942208477593109,3
-1.0145659531971594,-1.361885622557346,-0.2957750155883032,-0.2856415924440103,-0.32785866340083897,-0.42892256354923763,1.505544424613545,0
-1.0230212884984573,-1.3632199423507974,-0.12331398850266304,-0.2856415924440103,-0.32785866340083897,-0.04100509026869413,1.558580543180685,0
-1.3216881889969374,-0.44778628828148404,-0.3811921482872376,-0.2856415924440103,1.0421482801058783,1.3942895608693169,0.023151070867425634,0
-1.301590108521629,-0.5057917678832741,-0.2669930555646167,-0.2856415924440103,0.9520162443488575,0.851205098276556,0.46508483972430364,0
0.49130830074568393,0.9053108635834441,0.7243958367446197,2.7339980991069552,-0.5441755492176891,0.07537015171546893,-0.832048393136856,0
0.7330497616559806,0.26212688803079875,-0.1502291152040976,-0.2856415924440103,1.6910989375564287,-0.42892256354923763,0.08513707999392352,0
-1.2717883379258064,-0.25826296906024476,-0.9642605024253236,-0.2856415924440103,1.6009669017994077,-0.04100509026869413,-0.07978077552898247,0
-1.3139954213234097,-0.9593511392138584,-0.2795371450233066,2.7339980991069552,-0.32785866340083897,-0.3125473215650746,1.7491254146035202,0
0.1667794012997029,0.08365831288489838,-1.2208137295085368,2.7339980991069552,-0.5802283635204974,-0.8168400368297811,-0.4785956657967935,0
0.16297713858425958,0.08678787262047569,-1.081339972893056,2.7339980991069552,-0.5802283635204974,-0.6616730475175637,-0.5551702641873375,0
-0.851858970333038,0.8099752556348272,1.064779341100897,2.7339980991069552,-0.5802283635204974,-0.07979683759674848,-0.1638666334059109,0
0.0031467846016938017,-2.148318883042161,1.1312782046231797,2.7339980991069552,-0.5802283635204974,0.38570413033990375,1.902673074023097,0
-1.5321038634303235,-0.07935549224411113,-0.9822306056528963,2.7339980991069552,0.19490714398988213,-0.19617207958091154,-0.7369047886522155,0
-1.2077290183377163,-0.44824207078518774,-2.6767545193095947,2.7339980991069552,-0.5441755492176891,-0.8556317841578355,0.939870728482318,0
-1.1858863341425667,-0.23581953398656347,-0.44915692084512443,2.7339980991069552,-0.4179906991578598,0.19174539369963198,0.052506432940575276,0
-1.097938725072127,-1.2439612575773449,-1.2803375568720634,2.7339980991069552,-0.25575303479522227,-0.9332152788139442,1.7756642703445704,0
-1.5495451246310674,0.4605853058029048,-1.3590353860654338,2.7339980991069552,-0.5802283635204974,-0.9720070261419986,1.955130158897977,0
-1.0665554169625806,-1.1893224033289993,-1.5140411920629475,2.7339980991069552,1.2043859444685159,-1.0495905207981073,0.9922946395519119,0
-1.7052929103207288,-0.9470552869037979,0.4377175605497971,2.7339980991069552,-0.3458850705522431,-0.9720070261419986,3.301204178932083,0
0.046080786215897646,-1.761968715301203,-0.3483822431072358,2.7339980991069552,0.8618842085918366,-0.42892256354923763,-0.5174238770813764,0
-0.9799613483742988,0.8690420258974166,1.5980645898115349,2.7339980991069552,2.231891152098554,-0.27375557423702024,-1.1566913983886247,0
1.0603617138327655,0.5740656078844754,-0.13452667946150582,2.7339980991069552,-0.5802283635204974,-0.8556317841578355,-0.173251930159644,3
1.386660063557888,0.8201404531811984,0.05158889475468951,2.7339980991069552,-0.3458850705522431,-0.9720070261419986,1.9869536395185492,0
1.5247541130076634,-2.2748385280557755,0.8672982008409317,2.7339980991069552,-0.4179906991578598,-0.04100509026869413,-0.6660641379982029,0
0.7232629926295906,-1.8658445570873343,-1.255672623900754,2.7339980991069552,2.0876798948873203,-0.467714310877292,-0.7037569004018698,0
0.7293189665574377,0.28097176977813515,-0.8253511122205438,2.7339980991069552,1.4747820517395787,-0.5065060582053463,-0.3914966776793532,0
-1.2640887473984666,-1.09316183638817,-0.3436183718799395,2.7339980991069552,-0.5802283635204974,-0.3125473215650746,1.531358797118327,0
0.8773535568781856,0.6133546468631612,1.2060132373471055,2.7339980991069552,-0.4900963277634765,-0.6228813001895094,-0.786075279295095,3
-0.19447706236143714,0.7884910922718396,0.5385265201909065,2.7339980991069552,-0.5802283635204974,-0.9332152788139442,1.3489707235576494,0
1.5300343764302267,0.6826710188394758,0.13208853824709738,-0.2856415924440103,0.23095995829269048,-1.0495905207981073,0.8934962618599411,3
1.4647741777140317,-2.196062283792446,1.1385975954328154,-0.2856415924440103,-0.5802283635204974,0.8899968456046103,-1.1135398172130972,0
0.21414945189141063,0.06780794420537252,-0.4714885942615088,-0.2856415924440103,-0.5802283635204974,0.6184546143082299,-1.4087816579219183,0
0.0940091168208085,0.8807470490360108,0.9965410906993654,-0.2856415924440103,-0.5802283635204974,-0.1573803322528572,-1.2161350877100436,0
-0.36275587193437353,-1.6882978222387799,0.5363513774026962,-0.2856415924440103,-0.0754889632811805,0.967580340260719,-0.5404168425782777,0
0.09359133073902656,0.885406159073871,0.2097664580350425,-0.2856415924440103,-0.5261491420662848,-0.2349638269089659,-1.220743230844279,0
0.08702120680322124,0.8835228452179873,0.11572375741862254,-0.2856415924440103,-0.5441755492176891,-0.3901308162211833,-1.1610262346043128,0
0.15104692383628518,0.09637398418388035,-0.6580166952053584,-0.2856415924440103,-0.5802283635204974,0.07537015171546893,-0.8833102314619172,0
0.9603139583115852,0.568354014577193,-0.5037250839429999,-0.2856415924440103,-0.5802283635204974,-0.6228813001895094,0.17303107709845272,3
0.6161020353305527,-0.01655658988597674,-2.060763544039687,-0.2856415924440103,-0.5622019563690932,-0.7004647948456181,0.3558330692750817,0
-1.3076381135694375,-0.08257385984272896,-1.674240910104148,-0.2856415924440103,-0.5802283635204974,-0.2349638269089659,-0.54181937828925,0
0.3654812307366421,-1.9239359087550396,-0.3676295237527433,-0.2856415924440103,-0.2918058490980306,0.38570413033990375,-1.1393136020697454,0
0.3776426549431856,1.376126116467293,0.2437394818446874,-0.2856415924440103,-0.5802283635204974,-0.19617207958091154,-0.5376438140364393,0
-1.2330247488473423,0.014670750186619407,-1.8754623052392585,-0.2856415924440103,-0.5622019563690932,-0.5065060582053463,1.0089172291671273,0
1.0378670775272796,0.0730145804071023,-0.8367445754580993,-0.2856415924440103,-0.5802283635204974,-0.467714310877292,1.4293160464010826,0
0.7179041953167903,0.2912287109846749,-0.4053840938200287,-0.2856415924440103,1.510834866042387,-0.0022133429406397784,-0.5835324854647456,0
1.3550739461187666,0.6449988701275521,1.497781784834468,-0.2856415924440103,0.0687222939300529,1.3167060662132082,-0.7395594784397821,0
0.04293004918242737,0.8615865690977026,1.5393060293224614,-0.2856415924440103,-0.5802283635204974,1.3167060662132082,-1.5612218274442007,0
1.2744755171752828,0.6244967309029765,0.15775427750754406,-0.2856415924440103,-0.5802283635204974,-0.42892256354923763,-0.16333798871334632,0
1.2719806838216487,0.6236123220189795,-0.4679380300807418,-0.2856415924440103,-0.5802283635204974,-0.8168400368297811,0.5086236999448711,0
1.1057589646731634,0.5941303133373776,0.6293377770667489,-0.2856415924440103,-0.3819378848550515,-0.0022133429406397784,-1.0338462057120459,1
1.0603502286955144,0.5700252170907747,1.6474629970534882,-0.2856415924440103,0.032669479627244556,2.40287499139873,-1.1495057039884886,1
-1.227716568581263,0.015439195084168193,-0.5198851846472291,-0.2856415924440103,-0.5802283635204974,0.38570413033990375,-0.6689953704069154,0
-1.5102864237942801,-0.1239759388023522,0.5536102532864412,-0.2856415924440103,-0.32785866340083897,1.6658317921656973,-0.04338653513429802,0
-1.2255803330525876,-0.33483663153031384,-0.2035548864233238,-0.2856415924440103,-0.5802283635204974,0.6184546143082299,0.008466635694358217,0
-1.1143703176228594,-0.07034332901870376,0.7089056814103021,-0.2856415924440103,3.800188574270717,1.5882482975095886,-0.7220990538999249,0
-1.3201839771597543,-0.9006249214178045,0.3385797837672339,-0.2856415924440103,-0.2197002204924139,1.1615390769009908,1.4037631689296324,0
0.2547740312043334,1.9131846956865415,0.3958064795061452,-0.2856415924440103,-0.5802283635204974,-0.8556317841578355,1.42246377073428,0
2.1602274393877097,0.6142830927040391,1.101455928246154,-0.2856415924440103,-0.5802283635204974,-0.8944235314858898,1.1789025719349577,0
-1.213364240729872,-0.9560094681359791,0.5215277512113785,-0.2856415924440103,0.5193824727151573,1.2779143188851538,1.014536545070811,0
-0.6171562106119648,-0.7544207566790144,0.0685411664454955,-0.2856415924440103,-0.5802283635204974,-0.467714310877292,1.6988921684371403,0
0.07249466875115256,0.8869870858258482,-0.29546789534376017,-0.2856415924440103,-0.4900963277634765,-0.8168400368297811,-0.556935135760209,0
0.08491010211942171,0.8862311180660819,0.3438726888051232,-0.2856415924440103,-0.5622019563690932,-0.467714310877292,-1.215566358002759,0
-1.3237564234159487,-0.34588403611283947,-0.6239945053126583,-0.2856415924440103,2.412155223612596,0.036578404387414575,0.05765559811518061,0
0.08225260055947574,0.8879999358340787,0.6091405459745626,-0.2856415924440103,-0.5802283635204974,-0.27375557423702024,-1.3177263479636836,0
0.07997723567014178,0.8858509323383548,-0.5347991789406519,-0.2856415924440103,-0.5802283635204974,-0.6228813001895094,0.31683286311934417,0
1.203447732702971,0.6641072396668847,-0.258648018920557,-0.2856415924440103,0.6095145084721781,-0.5065060582053463,-0.628996054683652,3
0.09029879206048783,0.8813224652725706,1.2992415097167047,-0.2856415924440103,-0.5622019563690932,0.19174539369963198,-1.3978903458032255,0
-1.4919886670116151,-1.2736972127102844,1.3626775967581835,-0.2856415924440103,-0.4540435134606682,0.19174539369963198,1.89039022129935,0
1.4203783796705123,0.6732199539438338,-0.21700477622306882,-0.2856415924440103,-0.5802283635204974,-0.8168400368297811,0.318703413367387,0
0.08711041561681893,0.888243606995479,0.29475122495887207,-0.2856415924440103,-0.4900963277634765,-0.35133906889312894,-1.176160024048978,0
0.3698653691680564,-1.9195718463282738,-1.4545219096688735,-0.2856415924440103,-0.3098322562494348,-0.7780482895017268,0.05247032187128035,0
0.37725184756252045,1.3766648352397868,-0.8831814240212353,-0.2856415924440103,-0.5802283635204974,-0.6616730475175637,-0.18266298687581486,0
-1.4889684170573072,-0.4125515851328455,-1.244045942484778,-0.2856415924440103,-0.2918058490980306,-0.6228813001895094,2.0564611178726424,0
0.38669234609721986,1.3740270215226995,-0.5032440495932473,-0.2856415924440103,-0.5802283635204974,-0.5452978055334007,0.07107867473727057,0
-0.6021137510974454,-0.75646553937679,-0.18235491542008392,-0.2856415924440103,-0.5802283635204974,-0.0022133429406397784,1.874685942930453,0
-1.3068555322371505,-0.09383264181827522,-1.878003893009264,-0.2856415924440103,0.17688073683847796,-0.467714310877292,-0.10790858114820691,0
1.890167172925573,0.5221005308680006,0.8120252560290282,-0.2856415924440103,2.1057063020387248,-0.6228813001895094,1.7389680100975973,0
-1.4468868741698533,0.27227080104801155,-0.04622052535303894,-0.2856415924440103,0.19490714398988213,0.38570413033990375,-1.1761107659744627,0
-0.164188992860133,1.487103651499539,-0.9810728695182174,2.7339980991069552,-0.4900963277634765,-1.127174015454216,1.0867844436240466,0
-0.17687262124034608,0.7924456109996264,0.9813915731565882,-0.2856415924440103,-0.5802283635204974,0.19174539369963198,0.1603569242623587,0
-0.6188626063504563,-0.738530754738297,0.9736071626205545,-0.2856415924440103,-0.5802283635204974,2.092541012774295,-0.8105742601569565,0
1.3757860834371947,-2.143527662133662,-1.3647935142471217,-0.2856415924440103,0.08674870108145707,-0.7004647948456181,0.20849082773382424,0
1.2414658681453108,-2.1352428426460475,0.5935630728479013,-0.2856415924440103,-0.20167381334100973,0.8124133509485016,-1.1570324351596302,0
1.8627391868853287,-2.3016056583457525,-1.5874177934751732,2.7339980991069552,-0.5261491420662848,-0.8556317841578355,-0.5214255930023206,0
0.8060520764680433,-0.03570385873722097,-1.1633333654851516,-0.2856415924440103,-0.5802283635204974,-0.6616730475175637,-0.35413662718078226,0
0.08245580788885638,0.8841848674697438,0.44652149702941263,-0.2856415924440103,-0.5081227349148807,-0.19617207958091154,-1.1842515423965678,0
-1.2336044639929393,-0.0640577873734241,1.1881779853520427,-0.2856415924440103,2.123732709190129,1.743415286821806,-0.8609527045506378,0
1.1561769830627917,-2.0054277653592782,0.4475932277811208,-0.2856415924440103,2.0876798948873203,1.1227473295729364,-1.167187986204841,0
0.9400946300383184,0.17967062207089826,-0.18129874291044065,-0.2856415924440103,-0.09351537043258468,0.036578404387414575,0.07371398172383205,3
0.7961125785697758,-2.2726256709725763,0.5733170916286274,-0.2856415924440103,-0.2918058490980306,0.38570413033990375,1.650044368445677,3
0.8593814776508342,0.17819391611686947,-1.7771216843970044,-0.2856415924440103,2.4662344450668083,-0.7392565421736724,-0.39381576541969676,0
0.36119920768395397,1.3682449690844098,-0.13479337452857473,-0.2856415924440103,-0.5802283635204974,-0.584089552861455,0.48946633002577816,0
-1.498232715392301,-0.13281268814952257,-1.193641345171661,-0.2856415924440103,-0.23772662764381808,-0.27375557423702024,0.3095334950313044,0
-1.1640754899318755,-1.243833550402394,-0.7768423623465227,-0.2856415924440103,-0.436017106309264,-0.07979683759674848,1.6728856643100796,0
-0.9771399846086242,-1.2113739094864509,-1.2930267509811728,-0.2856415924440103,-0.5802283635204974,-0.8168400368297811,-0.33619943128735447,0
-0.5925717626122858,0.013649092787013,-2.39947696103578,-0.2856415924440103,-0.3098322562494348,-0.9332152788139442,-0.28362243692878564,0
1.4077874283879181,0.6732118805017392,-0.13226489688268753,-0.2856415924440103,-0.5802283635204974,-0.8556317841578355,0.26690578353091415,0
-1.5076537119365199,-0.45310962241894476,0.587387598280264,-0.2856415924440103,-0.23772662764381808,1.083955582244882,1.443470203322992,0
-0.6127645670413567,-0.7428118808962741,1.4785001980780086,-0.2856415924440103,-0.5802283635204974,1.8985822761340234,-0.4448693407313662,0
0.9706783423238831,0.586076687873384,0.15447312253027767,-0.2856415924440103,-0.5622019563690932,-0.2349638269089659,-0.6930929356589843,3
-0.48509453050334433,1.9253888043364376,2.0936308450675027,-0.2856415924440103,0.08674870108145707,-0.3125473215650746,0.4457038764727096,0
-0.18329059553613408,-1.7918881577544754,-0.0702303311733692,-0.2856415924440103,-0.4900963277634765,-0.04100509026869413,0.9506735771202491,0
-1.526679694649433,-0.11262394526807612,-1.2459552403218863,-0.2856415924440103,-0.5802283635204974,-0.42892256354923763,0.07909077700554001,0
-1.5326246746046737,-1.280224223669122,1.3793020812718881,-0.2856415924440103,-0.4900963277634765,1.4718730555254256,2.0181243249934417,0
-1.4497420110618995,0.3502661232760099,-1.1443072522023299,-0.2856415924440103,0.19490714398988213,-0.3125473215650746,-0.8821718767315799,0
1.1293685974343899,0.7238375000797946,-0.7970903332696203,-0.2856415924440103,-0.5802283635204974,-0.8556317841578355,0.4297585068456068,0
0.7109664901318395,0.27175850444964705,-0.35068308022456884,-0.2856415924440103,1.0782010944086866,0.38570413033990375,-0.7109893868313363,3
-1.3913604429880626,0.16103344797017727,-1.2210606688824315,-0.2856415924440103,0.6635937299263907,-0.6616730475175637,-1.1807186577919915,0
0.08068686932375067,0.8834832119567957,-1.1218198874962735,-0.2856415924440103,-0.5261491420662848,-0.7004647948456181,-1.0618692279718664,0
-0.012890503855794704,-0.1662235273340649,-1.5682664296670872,-0.2856415924440103,-0.436017106309264,-0.7004647948456181,2.2662264397079546,0
-1.3780401854900335,-0.49222177962082947,-0.724026598370983,-0.2856415924440103,1.0421482801058783,0.5020793723240669,1.257050884128332,0
0.07825747850960085,1.8308194394375255,-0.4994296364562999,-0.2856415924440103,-0.5802283635204974,-0.6228813001895094,-0.47865701848781933,0
0.6105111472738992,-1.9037552393156891,-1.447548547413507,-0.2856415924440103,-0.5802283635204974,-0.3125473215650746,-0.9392087059528369,0
0.05221100665214591,0.8907478419433649,-2.438325294023836,2.7339980991069552,-0.5802283635204974,-1.127174015454216,0.35930488391992754,0
0.09165926911068861,0.8829988054311202,-0.6855489712701625,-0.2856415924440103,-0.5802283635204974,-0.7004647948456181,-0.4997877271879995,0
0.0713064119026008,0.8823602695563663,-1.2311997612970376,-0.2856415924440103,-0.5622019563690932,-0.8944235314858898,-0.5499855376987327,0
1.6591381788398085,0.6377848826413918,1.9191677878396216,-0.2856415924440103,-0.4540435134606682,1.5882482975095886,0.4466451046612212,0
0.09197994323987335,0.8856630413223352,0.4150580025980056,-0.2856415924440103,-0.5802283635204974,-0.04100509026869413,-1.3691020170495902,0
0.09001996476801939,0.885431113349436,0.47546097242288426,-0.2856415924440103,-0.5622019563690932,0.3469123830118494,-1.2124862204453206,0
0.05256994561979543,0.8860476307457503,-0.7919187577232781,-0.2856415924440103,-0.2197002204924139,-0.5452978055334007,-1.0232740186889921,0
1.041621438123248,0.6296527246042962,-0.0594332082139017,-0.2856415924440103,-0.5081227349148807,-0.07979683759674848,-0.9640287439075205,3
0.08796651319893499,0.8824953162241304,1.0708783619745266,-0.2856415924440103,-0.5802283635204974,0.19174539369963198,-1.380262238044463,0
-1.498652775758687,-0.6762610298119975,0.24746597104045653,-0.2856415924440103,-0.23772662764381808,1.2003308242290451,1.581675794577217,0
0.7315043301871323,0.2907707266331272,-0.8029694656435865,-0.2856415924440103,1.6910989375564287,-0.35133906889312894,-0.6027707165342227,0
0.08628513459108915,0.8817760459284304,-0.499785800604917,-0.2856415924440103,-0.5802283635204974,-0.5452978055334007,-0.5127016361622949,0
0.09560714289791244,0.8824777014413785,0.6592356068234526,-0.2856415924440103,-0.5802283635204974,-0.0022133429406397784,-1.1893306530391776,0
-1.4191460602823087,-0.09916625124567448,-1.411816629483023,-0.2856415924440103,0.0687222939300529,-0.35133906889312894,-0.863064770153829,0
0.09250882812456776,0.8821400847719683,-0.2557678659497327,-0.2856415924440103,-0.5802283635204974,-0.584089552861455,-0.49779654492073566,0
0.08738122605605773,0.8810626472269811,2.263120125252997,-0.2856415924440103,-0.5802283635204974,0.6960381089643386,-1.3901053081794685,0
-1.1819766114795776,-0.4771582045708869,-0.33755443731842344,-0.2856415924440103,-0.5802283635204974,0.3469123830118494,-0.6009998820798024,0
1.4155359728913623,0.6880809589921303,1.5612514937441926,-0.2856415924440103,-0.3098322562494348,0.967580340260719,0.46020477191340803,3
0.38612997237172947,1.3780578709757443,-0.031315307249723444,-0.2856415924440103,-0.5802283635204974,-0.27375557423702024,-0.27541022373279833,0
0.3895154155763477,1.3768483225601182,-0.5786094744942485,-0.2856415924440103,-0.5622019563690932,-0.7004647948456181,-0.38246743386985155,0
0.08529809507288921,0.8859448778463646,-0.7564459971797312,-0.2856415924440103,-0.5802283635204974,-0.584089552861455,-0.8190600944173744,0
0.08931937139571178,0.8854325812479987,1.1870353959607436,-0.2856415924440103,-0.5802283635204974,0.46328762499601245,-1.3617899574678616,0
-0.00803121051345893,1.48459207705884,1.1306657597664902,2.7339980991069552,-0.5081227349148807,0.3469123830118494,-1.132922869534816,0
-1.4115340297122285,-0.22114201625859592,-1.4126903075336283,-0.2856415924440103,-0.5622019563690932,-0.8944235314858898,0.5722319584131823,0
-1.4415684596230554,-0.38319141203194523,0.6609797238684747,-0.2856415924440103,-0.5802283635204974,1.0451638349168277,1.0209909863908921,0
1.415385017250762,0.5040336353588702,0.7757497790760682,-0.2856415924440103,2.340049595006979,-0.07979683759674848,-0.10211142235140841,0
1.43542806003865,0.6734372029311051,1.2924413573278921,-0.2856415924440103,-0.436017106309264,0.036578404387414575,0.3824537914333427,3
-1.4297578722452595,0.21395192510309374,0.03766528549161703,-0.2856415924440103,0.4112240298067322,0.5020793723240669,-1.3269057535054445,0
-0.43824040137408726,-1.6671872390599873,0.8429042501714343,-0.2856415924440103,-0.12956818473539303,0.7736216036204473,-0.18925954779354,0
1.1920580585482872,0.6915055663388008,-0.24992148996913227,-0.2856415924440103,1.2764915730741326,-0.2349638269089659,-0.6386595590317132,0
-0.49231083555230304,-1.6559504755628796,-0.920104254004505,-0.2856415924440103,-0.20167381334100973,-0.6616730475175637,0.47501059305581667,0
-1.5683866628625844,-0.2480104315493943,-0.6697097290796892,-0.2856415924440103,-0.3639114777036473,-0.0022133429406397784,1.262349771230959,0
0.9164092920283313,-0.3334450636929189,-0.7711939616467928,-0.2856415924440103,-0.5802283635204974,-0.8944235314858898,0.3167917100086204,0
1.2094135223623395,0.11802328613516369,-1.010308052846311,-0.2856415924440103,-0.3458850705522431,-0.7780482895017268,2.279432755670507,0
-1.1683354524239034,-1.2437153845680993,-0.8952067872323186,-0.2856415924440103,-0.47206992061207237,0.2693288883557407,1.7939016954587519,0
0.7656432166033937,0.029197074362632358,-1.1976829573076728,-0.2856415924440103,0.6455673227749865,-0.1573803322528572,-1.2346415473587578,0
0.6180332441021642,0.3087774383011888,-0.9067775391224582,-0.2856415924440103,-0.5802283635204974,-0.7004647948456181,-0.3686738535928943,0
-1.438822943248929,0.1445863785249303,0.062401641336540685,-0.2856415924440103,0.3751712155039239,1.1615390769009908,-1.2144786592961179,0
0.39204731976902957,-1.9069809464071188,-0.9346864242184854,-0.2856415924440103,-0.05746255612977633,-0.0022133429406397784,-0.3441606105079268,0
-1.1209093407167032,-0.12466291532967376,-1.4263564562664197,-0.2856415924440103,-0.3098322562494348,-0.3901308162211833,1.5701242734699978,0
0.40014272110316373,1.3829078078267494,-0.8464989168114155,-0.2856415924440103,-0.5802283635204974,-0.8556317841578355,-0.0010831478439166037,0
1.3022124079218853,0.8337963135095582,-0.008636993744756865,-0.2856415924440103,-0.5802283635204974,-0.7780482895017268,1.152024501469026,0
-1.3555491027542417,-0.06498403136645807,0.5076450947575816,-0.2856415924440103,1.0962275015600909,2.170124507430404,-1.2536611957225736,0
1.3261984347850981,-2.041135131845091,-2.2509907084922904,-0.2856415924440103,1.817283787616258,-0.6228813001895094,0.772710688131322,0
0.14721617570617493,-1.7329703791959952,-1.6664315613319387,-0.2856415924440103,1.9074158233732788,-0.8556317841578355,-0.23245774821816204,0
-0.2070949639165904,-1.6275011335201026,-2.198197152508759,2.7339980991069552,-0.5802283635204974,-1.010798773470053,0.9320300242080254,0
0.747597039673372,0.41479787988735606,0.9937254023048653,-0.2856415924440103,-0.3458850705522431,0.6184546143082299,-1.359596056862048,1
1.2582008502622366,-2.1553082820482325,-0.5188622476709012,-0.2856415924440103,-0.12956818473539303,-0.2349638269089659,-0.9660312354265861,0
-1.264725092230707,-0.3697777549664218,-2.3564464238067164,-0.2856415924440103,-0.5441755492176891,-1.010798773470053,-0.30620164088267776,0
-1.2836239424342484,0.1631303410669242,-2.910932115571413,2.7339980991069552,-0.4179906991578598,-1.127174015454216,1.3042409991223358,0
0.8463555765448362,0.45166341833910195,0.32618232136977815,-0.2856415924440103,-0.2737794419466264,-0.2349638269089659,-0.8413918456589219,1
0.6746813453435809,0.40184881271691364,-0.3275479720929701,-0.2856415924440103,-0.5802283635204974,-0.6616730475175637,-0.0031124674214239693,3
0.4463539952605011,0.026674490682712007,-1.3177488874882592,-0.2856415924440103,-0.5802283635204974,-0.584089552861455,-0.7198299546232754,0
1.3713561750281218,-2.1628415374717673,-0.23143632754114143,-0.2856415924440103,-0.16562099903820138,0.19174539369963198,-1.090525929600362,0
1.7772102794913993,0.6404755407067358,1.7317396742601368,-0.2856415924440103,-0.11154177758398885,0.5020793723240669,0.589069800787695,0
0.9546751112783417,0.5636185738140762,-0.3036187982472847,-0.2856415924440103,-0.5802283635204974,-0.8168400368297811,0.43251972350223,3
0.4416978808189883,1.3974752331625167,-0.22413370721281065,-0.2856415924440103,-0.5802283635204974,-0.7004647948456181,-0.048848840925463835,0
-1.1744794322820067,-1.2715995856642548,0.17370936933711395,-0.2856415924440103,-0.5802283635204974,0.5020793723240669,1.7346408390414643,0
1.557890780832777,-2.2798792917199258,0.3267480312968485,-0.2856415924440103,-0.2918058490980306,0.30812063568379505,-0.5232986564174302,0
-1.4844873941017567,-0.10425105186670407,-0.021558892767017446,-0.2856415924440103,0.05069588677864873,0.6572463616362842,-0.8177790075049199,0
1.4055744357538529,0.671890771795353,-0.006633027846107045,-0.2856415924440103,-0.5802283635204974,-0.7004647948456181,0.24406926268393955,0
1.107405234012433,0.5847379643842445,0.04527912795977721,-0.2856415924440103,-0.5802283635204974,-0.27375557423702024,-0.6790966684580654,3
1.1359067961000646,-1.9860588438250737,-0.28849313911667707,-0.2856415924440103,2.1778119306443413,0.38570413033990375,0.6799956826419741,0
-1.2760187347179806,0.3299283886904542,0.25960116024692226,-0.2856415924440103,1.114253908711495,0.5796628669801756,-0.898211034612168,0
1.0827411576230512,0.4301873284182103,0.6886836973251439,-0.2856415924440103,3.349528395485613,0.15295364637157763,-0.31411887109416364,0
1.41570461109476,0.6686291011891369,0.2614394365841831,-0.2856415924440103,-0.5802283635204974,-0.42892256354923763,0.2506512472326755,0
-0.18522908201847885,1.3020192575317622,-0.39130766463384686,-0.2856415924440103,-0.5802283635204974,-0.9720070261419986,0.12392718538285145,0
1.6143071395801705,0.7498530663056903,1.310323858300111,-0.2856415924440103,-0.23772662764381808,-0.11858858492480283,1.2792483065901434,0
0.9583823941830043,0.7142690032991404,-1.2089438817162759,-0.2856415924440103,-0.5802283635204974,-0.6616730475175637,-0.9628075960296164,0
0.38923960171097977,1.3772461230705972,0.36358296529128425,-0.2856415924440103,-0.5802283635204974,-0.35133906889312894,-0.4679619218878897,0
0.3866547919726939,1.3774941979276856,1.176746978947206,-0.2856415924440103,-0.5802283635204974,-0.2349638269089659,-0.4810667687301081,0
-1.122341685160395,-0.009809394142742756,-1.273160916039919,-0.2856415924440103,-0.47206992061207237,-0.6228813001895094,-0.0638860305109876,0
0.34942549214530244,-0.00905122453513254,-1.334813400791028,-0.2856415924440103,-0.5802283635204974,-0.467714310877292,-1.3648713516088333,0
0.38884128919112093,1.370109200258979,-0.5294180632255013,-0.2856415924440103,-0.5802283635204974,-0.6616730475175637,-0.5167485890904467,0
0.43349325696674,0.023885483413672894,-0.8009599928896292,-0.2856415924440103,-0.5802283635204974,0.19174539369963198,-0.8620753362795115,0
-0.861056177272209,-1.3762115785795566,-1.4541363055173273,-0.2856415924440103,0.3391184012011155,-0.6228813001895094,-0.875766567827661,0
-1.2028361224403543,-0.23383493512985679,-2.4299540394358212,2.7339980991069552,-0.4540435134606682,-1.127174015454216,0.3452557773814229,0
-1.1679918080202167,-0.22529103154593566,-1.6236240746089035,-0.2856415924440103,-0.39996429200645567,-0.9720070261419986,2.0881701865624844,0
-1.1480357566184374,-0.24780932944631223,-1.3137412482077335,-0.2856415924440103,-0.5802283635204974,-0.5452978055334007,1.4153570369019335,0
0.3789256641740576,1.366484958707789,-0.37303440635321966,-0.2856415924440103,-0.5622019563690932,-0.584089552861455,-0.5960413975661779,0
0.1622341866611997,0.07260503670812214,0.24986685109882562,-0.2856415924440103,-0.5802283635204974,0.6184546143082299,-1.490580093963549,0
0.05974440383203783,0.8262204890277066,-1.6893669375214289,2.7339980991069552,-0.5802283635204974,-0.9720070261419986,1.0816703999592043,0
-0.588829541010392,-0.7523862492711776,-0.4981469803372426,-0.2856415924440103,-0.5802283635204974,-0.6616730475175637,2.078281125470151,0
-1.4430876817386256,-0.5776087050610679,-1.4115821754708577,2.7339980991069552,-0.2918058490980306,-0.9332152788139442,2.16540150692225,0
0.38408689722615147,1.3676827639349136,0.3752814238020564,-0.2856415924440103,-0.4900963277634765,-0.5065060582053463,-0.5603998507080901,0
0.3958930497489696,1.3776644741609534,0.8474438434952968,-0.2856415924440103,-0.5802283635204974,-0.3901308162211833,-0.42710247473591134,0
-1.2740537528199973,-0.3062250866963651,-0.3372887669601124,-0.2856415924440103,-0.47206992061207237,-0.07979683759674848,-0.15261122620837195,0
-0.6223996874810561,-0.7453278590326625,-0.05089106286568456,-0.2856415924440103,-0.5802283635204974,-0.04100509026869413,1.9637395153197432,0
0.08975040518531285,0.8836021117403706,-0.893592037401071,-0.2856415924440103,-0.5802283635204974,-0.7392565421736724,-0.5043363082627443,0
0.08988458797695754,0.8867140566931947,1.6626481014115453,-0.2856415924440103,-0.5802283635204974,1.8209987814779147,-1.4300900475337426,0
1.4052481327702728,0.6714320534945226,-0.29098209660177143,-0.2856415924440103,-0.5802283635204974,-0.7780482895017268,0.23798991154862367,0
0.2874106122735527,0.0306268075626549,-1.5857607060451087,-0.2856415924440103,-0.5802283635204974,-0.8168400368297811,0.5838404027544725,3
1.4161765251501204,0.6689102037638849,0.8093580770696842,-0.2856415924440103,-0.5802283635204974,-0.2349638269089659,0.255511461023741,0
-1.6340343428182105,0.3903815891454693,-1.610151795428614,-0.2856415924440103,-0.5802283635204974,-0.9332152788139442,-0.7367261024737447,0
0.8454035752238189,0.14354710634257342,-2.1021086383953467,-0.2856415924440103,2.231891152098554,-0.7780482895017268,-0.42032615954371205,0
0.8223203398485012,0.18902040196571582,-1.9108988722148275,-0.2856415924440103,2.0155742662817038,-0.8168400368297811,-0.3741874279922292,0
0.388183224940911,1.3730259147029702,-1.5014180379738218,2.7339980991069552,-0.5802283635204974,-1.010798773470053,-0.15368177254977958,0
0.3899945504853264,1.3657466057307746,-0.5709175042099864,-0.2856415924440103,-0.5802283635204974,-0.7780482895017268,-0.21519229046718227,0
0.395404902987247,1.374934182834419,-0.5734000130765493,-0.2856415924440103,-0.5802283635204974,-0.6228813001895094,-0.44653610454485526,0
1.41297910842515,0.6698694754745786,0.3590922885669129,-0.2856415924440103,-0.5802283635204974,-0.27375557423702024,0.2529196318274403,0
1.4160242617958727,0.6737109660130398,0.40288548011802827,-0.2856415924440103,-0.5802283635204974,-0.3901308162211833,0.30612564048831625,0
0.81632392552551,-1.9360768977667442,-2.016236728565543,-0.2856415924440103,-0.4540435134606682,-0.8556317841578355,0.029930394006458562,0
0.8303169661594215,0.47381987924378594,-0.400992788158278,-0.2856415924440103,-0.5081227349148807,-0.467714310877292,-0.1730713591058726,3
-1.1443268532859943,-0.25236421868622416,0.6363042404540155,-0.2856415924440103,-0.4540435134606682,1.3167060662132082,-0.6182597107292341,0
-0.23296313186108042,0.8105492039728245,-0.8557969555943213,-0.2856415924440103,-0.5802283635204974,-0.8168400368297811,0.27610334670473485,0
0.386082553537733,1.3677972600228006,-0.9403998133514209,-0.2856415924440103,-0.5802283635204974,-0.9332152788139442,0.041957477005598015,0
-1.2595817975984283,-0.1213850978392685,-0.6962339579513042,-0.2856415924440103,2.1417591163415333,0.46328762499601245,-0.1679688760095389,0
0.06227113402724525,-0.07225820269368308,-1.4787205966503767,-0.2856415924440103,-0.5802283635204974,-0.6616730475175637,-0.4147520178180598,0
-1.4542423654365861,-0.15311372527101336,-1.6483722709099904,-0.2856415924440103,-0.5622019563690932,-0.7780482895017268,0.5646410629453589,0
-1.577479025281504,-0.07822961404655637,-1.503445039146413,-0.2856415924440103,-0.436017106309264,-0.8168400368297811,1.1329642654570766,0
0.39599704141249426,1.3791998960574883,0.8971802084236183,-0.2856415924440103,-0.5802283635204974,-0.3901308162211833,-0.22484373161332155,0
-1.3465383871526109,-0.3864508807903159,0.34797681837230804,-0.2856415924440103,1.00609546580307,1.083955582244882,0.43355049897480125,0
1.020263745119933,0.6325356773813451,0.3321004363659686,-0.2856415924440103,0.014643072475840378,-0.04100509026869413,-1.1406731626238702,1
0.417900221578114,1.3854692908185786,-0.6787276881315238,-0.2856415924440103,-0.5802283635204974,-0.8944235314858898,0.2757086538168467,0
1.40791188861288,0.6721623330294437,-0.09448624279478184,-0.2856415924440103,-0.5802283635204974,-0.8168400368297811,0.2564569144743841,0
1.4126392165910602,0.6685755228915987,-0.07133826385577151,-0.2856415924440103,-0.4179906991578598,-0.7780482895017268,0.23792733368865288,0
0.7431830752431235,0.3958994198424815,1.0480980327730212,-0.2856415924440103,-0.3458850705522431,0.19174539369963198,-1.1087498464415573,1
0.38973403118392136,1.3764006134985092,1.5594350790411333,-0.2856415924440103,-0.5802283635204974,-0.2349638269089659,-0.2593336196629104,0
0.3927579768507104,1.3828476239856806,0.209294941287473,-0.2856415924440103,-0.5622019563690932,-0.42892256354923763,-0.23893631594208684,0
1.4216324202012391,0.6682775394833815,0.5992632651563796,-0.2856415924440103,-0.5622019563690932,-0.35133906889312894,0.27031464334072913,0
-0.6178855736845147,-0.7398423221040273,0.6664455135814259,-0.2856415924440103,-0.5802283635204974,-0.3125473215650746,1.9869445921171072,0
1.4280149156572024,0.680404583458737,0.6623059257608391,-0.2856415924440103,-0.5802283635204974,-0.8944235314858898,0.429578061450189,0
0.392975768030115,1.3787976918513214,-0.003877537841542365,-0.2856415924440103,-0.5802283635204974,-0.584089552861455,-0.24054788432386495,0
0.4497603618834775,0.09504920573108476,-0.5188914376426248,-0.2856415924440103,-0.5802283635204974,-0.19617207958091154,-0.39888042535167106,0
0.38480989230180984,1.3787800770685694,1.3693568579017976,-0.2856415924440103,-0.5802283635204974,-0.27375557423702024,-0.2812111159570795,0
1.6193172748488764,0.630560619865297,0.6926676361736668,-0.2856415924440103,-0.39996429200645567,-0.9332152788139442,0.43101722657116404,0
0.39783793265676354,1.3744908774684979,0.5078828222458186,-0.2856415924440103,-0.5441755492176891,-0.3901308162211833,-0.22070787540017087,0
1.1631002181119485,-2.028517075800527,0.4303037432036848,-0.2856415924440103,-0.5802283635204974,0.30812063568379505,-1.0777095432887407,0
-0.4152601200199434,-1.6581060846021354,1.9449286933010173,-0.2856415924440103,-0.2737794419466264,1.9761657707901321,-0.26751630314585934,0
0.42948392063808905,1.3815089004965413,-1.6397465995390708,2.7339980991069552,-0.5802283635204974,-1.0883822681261617,1.9573304366652233,0
0.39495095578025924,1.3724079294080933,0.9625698314808564,-0.2856415924440103,-0.5802283635204974,-0.7392565421736724,-0.2386743182753416,0
0.8266519209841415,0.16985038068675046,-1.630563423282413,-0.2856415924440103,2.3761024093097873,-0.6616730475175637,-0.9131970498332878,0
1.1531087457033369,0.551322721504013,-0.12924252208765918,-0.2856415924440103,-0.32785866340083897,-0.27375557423702024,-1.079392379590989,1
-1.2927258568485054,-0.1791902092872578,-1.5246369830139948,-0.2856415924440103,1.3485972016797494,0.11416189904352328,-0.3759817036197855,0
-0.249373914707685,-1.624013406535242,0.5241664941183658,-0.2856415924440103,1.8713630090704705,0.6184546143082299,-0.3103355179767626,0
0.5571455281087874,1.5408815832408902,0.09276404503845101,-0.2856415924440103,-0.5802283635204974,-0.8168400368297811,1.1653376270319298,0
-1.1362717920750263,-0.24656014776949464,-0.6358129381931706,-0.2856415924440103,-0.5081227349148807,-0.3125473215650746,1.2279957826905248,0
0.08369813585387184,0.7398654844854015,2.0516505297696526,-0.2856415924440103,-0.5081227349148807,1.7822070341498604,-0.8422838943093891,0
-1.352303243767203,-0.8707928189290098,-0.8078719048749085,-0.2856415924440103,-0.3098322562494348,-0.35133906889312894,2.416486625287057,0
-1.0945711918587664,-0.9542751459842047,-0.8918246464159001,-0.2856415924440103,-0.5441755492176891,-0.35133906889312894,-0.5995164793282111,0
-1.0561038283499926,-1.3634452647801658,-0.939421729123271,-0.2856415924440103,-0.47206992061207237,-0.6228813001895094,1.854686662043882,0
-1.7645659979593915,0.02300254242823855,-0.6551836283417748,-0.2856415924440103,-0.3098322562494348,-0.35133906889312894,2.1143891789650695,0
-1.364041281466127,-0.8722922773107598,-0.7009176262119595,-0.2856415924440103,-0.3819378848550515,-0.19617207958091154,2.4623027918454774,0
0.805477915551878,0.20222194768893317,0.7015361208515356,-0.2856415924440103,2.0876798948873203,0.2693288883557407,-1.080401526119489,0
-1.4741751054211725,0.00808649118383989,-1.1902883869164966,-0.2856415924440103,0.12280151538426543,-0.35133906889312894,-0.7260303147528722,0
-0.9951296895416579,-1.3177774725974707,0.02760498822092309,-0.2856415924440103,-0.09351537043258468,0.23053714102768633,0.1622174218421331,0
1.0746310587246626,0.6366993716543113,-0.08850887495640201,-0.2856415924440103,-0.5622019563690932,-0.7004647948456181,-0.32765086209402433,0
0.9086823816571841,0.8722156225898722,0.9397294476126775,-0.2856415924440103,-0.5802283635204974,-0.42892256354923763,0.34346841296330105,0
-1.3973565943468964,-0.16751968176488738,-0.8603934246095196,-0.2856415924440103,-0.5802283635204974,-0.2349638269089659,0.09132801574701864,0
-0.9745740230039952,-1.2115405159733135,-1.0109496376019382,-0.2856415924440103,-0.5802283635204974,-0.7392565421736724,-0.701587754491667,0
-0.7686767835078981,1.027859842985083,1.7366648405505969,-0.2856415924440103,-0.5802283635204974,-0.584089552861455,0.33862038803251104,0
-1.3139924647534245,-0.1782779103305704,0.9611858872139372,-0.2856415924440103,1.3485972016797494,1.2779143188851538,-0.45649741919036824,0
-1.2178934785190307,-0.22186862604711047,-0.16664004787505302,-0.2856415924440103,3.277422766879996,0.30812063568379505,-0.6494816333977076,0
-1.445092691045642,-0.030086944887231074,-1.2725371127410574,-0.2856415924440103,-0.25575303479522227,-0.467714310877292,-0.9975332819792763,0
-0.05744834467735957,0.3657994258660014,-0.44714059137788176,-0.2856415924440103,-0.2737794419466264,-0.8944235314858898,1.4095208346803585,0
-1.4217749058562428,0.3495923578357536,-0.19025942509682656,-0.2856415924440103,0.3030655868983072,-0.3125473215650746,-0.43596258240179736,0
-0.04709784801542586,0.3081770677890624,0.9274563454926884,-0.2856415924440103,-0.4900963277634765,0.23053714102768633,0.3122360292369108,0
1.8031270034121878,0.7065456550117423,1.8738315194800235,-0.2856415924440103,0.4292504369581364,-0.04100509026869413,1.6049037411948925,0
1.541636639338283,0.678836867793825,0.5323536267916189,-0.2856415924440103,-0.3819378848550515,-0.6616730475175637,0.8977719129911991,3
2.1276367135818215,0.5992907107343826,1.0624747171041158,-0.2856415924440103,1.2764915730741326,-0.6616730475175637,1.0071374042502073,0
-1.5450854799507954,-1.1367672310903367,0.7642256192279353,-0.2856415924440103,-0.39996429200645567,0.46328762499601245,2.036131167029217,0
-1.096972608972285,0.770766217127806,1.9539716652918333,5.753637790657921,1.9975478591302998,2.6356254753670565,-1.0609342041645518,0
-0.769095251875061,-1.5428503592090375,-0.644534417175888,-0.2856415924440103,-0.39996429200645567,-0.584089552861455,1.0479839085917901,0
-0.8090720580756074,-1.5501098515506373,-0.6594768838423776,-0.2856415924440103,-0.5261491420662848,-0.6616730475175637,1.2489724342494912,0
-0.6298148787186475,-0.7611774937629043,-0.04607473705815288,-0.2856415924440103,-0.5802283635204974,-0.5452978055334007,1.9245079721354792,0
-1.2004544916028914,-0.8788332333059411,-1.7785259457633251,-0.2856415924440103,0.6095145084721781,-0.8556317841578355,0.8836197666029433,0
-1.3918858027316205,-0.1642470019194528,-1.5866403865746526,-0.2856415924440103,-0.5081227349148807,-0.8944235314858898,0.35244632533545717,0
0.15581678093656287,-0.1117351326883898,-0.18356045716096367,-0.2856415924440103,-0.5802283635204974,-0.04100509026869413,0.5177408103579563,0
-0.625196488973006,-0.7608545560791221,-0.08199019909761973,-0.2856415924440103,-0.5802283635204974,-0.42892256354923763,1.942510290470533,0
-0.10037819572216095,1.4342270094756568,0.04780979796975191,-0.2856415924440103,-0.5802283635204974,-0.7392565421736724,0.3490107002963776,0
-0.8896103890484266,0.9959213060588814,1.452186410568137,-0.2856415924440103,1.7451781590106412,0.15295364637157763,-0.9702074908003402,0
-1.2427441315316252,-0.05140303386479358,-0.6307556495222669,-0.2856415924440103,1.7812309733134495,0.6960381089643386,-0.6228648930385186,0
-0.7939341923219441,-1.5607748685575933,-0.6470783705599052,-0.2856415924440103,-0.5802283635204974,-0.5452978055334007,1.22602068469249,0
1.1119799290651171,0.5992158479076886,1.047466095756314,-0.2856415924440103,-0.5802283635204974,0.3469123830118494,-1.0121600242608597,1
-0.1276913872470105,0.8252369969907293,0.4031546959033377,-0.2856415924440103,1.3485972016797494,-0.35133906889312894,-0.4311946018420947,0
-0.020693062618587433,0.30185703052756174,-0.8690666091831177,-0.2856415924440103,-0.5802283635204974,-0.9332152788139442,0.9110341861892305,0
0.9715410921884663,0.6146588747360783,-0.7323833892100925,-0.2856415924440103,-0.5441755492176891,-0.6616730475175637,-0.2935517086941929,0
-1.4138051303179302,-0.16365250300157974,2.179976706505945,5.753637790657921,-0.5802283635204974,5.738965261611405,-0.6257476605910715,0
0.2964250235876653,1.7533804507647726,1.3603829317660718,-0.2856415924440103,-0.47206992061207237,-0.3901308162211833,0.664297058898978,0
-0.03154566446400182,0.30399135503765906,0.6693104321868664,-0.2856415924440103,-0.32785866340083897,0.3469123830118494,-0.24344946136118573,0
0.2869094736610288,0.013490559742247854,-1.391863412203033,-0.2856415924440103,-0.5802283635204974,-0.5065060582053463,-1.2199113725450688,0
0.14692307727781548,-1.7100285925602932,0.18932511211344075,-0.2856415924440103,2.2679439664013623,0.6184546143082299,-1.0157663718802663,0
1.186306080070266,-2.0031261004130387,-0.33854717235835563,-0.2856415924440103,1.9614950448274913,-0.11858858492480283,-0.42123492075517555,0
-0.027201667155850675,0.30553118062988194,0.7277525143322605,-0.2856415924440103,-0.0754889632811805,-0.07979683759674848,-0.23856373892438917,0
-0.04199031650854732,0.29564048011472543,0.9033165717194076,-0.2856415924440103,-0.5622019563690932,0.30812063568379505,-0.5169449930967401,0
2.0201215009199904,-2.3663891595605935,-1.0657441487866293,-0.2856415924440103,-0.5802283635204974,-0.7392565421736724,-0.039242196982295634,0
1.056725786607558,0.8307151944265498,-0.5580363923690596,-0.2856415924440103,-0.5802283635204974,-0.8944235314858898,1.9991563222128552,0
-0.6155338496895965,-0.7502049520070754,0.09613506627917846,-0.2856415924440103,-0.5802283635204974,-0.3125473215650746,1.7810036194369787,0
-0.610745912026716,-0.7468419964000377,0.038195186456914845,-0.2856415924440103,-0.5802283635204974,-0.5452978055334007,1.922147982601118,0
-0.00807123792249192,0.2949498338409986,0.19340587187667546,-0.2856415924440103,-0.5802283635204974,-0.07979683759674848,-0.5494798256556555,0
-0.6214627959383777,-0.7577455469234232,0.14719403484728322,-0.2856415924440103,-0.5802283635204974,-0.3901308162211833,1.6066320461869374,0
-1.2273065150671352,-0.5632416478791027,-0.2843094287665165,-0.2856415924440103,2.231891152098554,0.5796628669801756,-0.2287132549465358,0
0.9494967784488804,0.021453909444639756,0.2831518275680761,-0.2856415924440103,-0.5802283635204974,-0.07979683759674848,0.004635940792329959,0
-0.4668685273999398,-1.533019842534951,-0.7234638440920313,-0.2856415924440103,-0.5802283635204974,-0.6228813001895094,-0.7474269165287516,0
-0.03212395818172132,0.297320490019683,1.0623796204214613,-0.2856415924440103,-0.5802283635204974,-0.11858858492480283,-0.28507441920180293,0
0.9383671971672384,0.027181649636109945,-0.39666128138298984,-0.2856415924440103,-0.5802283635204974,-0.7780482895017268,-0.18017601957538898,0
-0.06814009774414566,0.3339629078899057,0.4867511526272745,-0.2856415924440103,-0.4900963277634765,-0.2349638269089659,1.331640300437985,0
0.6367657019583548,0.20685096580626042,0.17303552129614283,-0.2856415924440103,-0.5802283635204974,0.11416189904352328,-0.8655379778645624,3
-0.18882199683611042,1.3051796431371538,0.5366279734046514,-0.2856415924440103,-0.5802283635204974,-0.42892256354923763,-0.571611654457015,0
0.45903705506956327,-1.9337877099582856,-0.8989581204934213,-0.2856415924440103,-0.11154177758398885,-0.3901308162211833,-0.8554182080354693,0
1.072125962661752,0.5895394605826808,-0.19098749838940265,-0.2856415924440103,-0.5802283635204974,-0.467714310877292,-0.4144713598858416,3
0.9751670409899731,0.017480308035537028,-0.29827465905489753,-0.2856415924440103,-0.5802283635204974,-0.27375557423702024,0.31418700083110085,0
1.08242648191951,0.5908135965350635,0.15094995528560243,-0.2856415924440103,-0.5802283635204974,-0.467714310877292,-0.37870484579534214,3
-1.1826532111493113,-1.2659019373933176,-0.33752323094773995,-0.2856415924440103,-0.5441755492176891,0.036578404387414575,1.7855151312974835,0
-0.6534315049050317,1.2398801755775402,-0.06940904965507586,2.7339980991069552,-0.12956818473539303,-0.9720070261419986,1.3547874487344538,0
-0.09177878449119008,1.8738127204390658,0.23089408955776164,-0.2856415924440103,-0.5802283635204974,-0.9332152788139442,-0.7387911718527811,0
-1.0368322228998312,0.8249096556112576,1.4298504992633596,-0.2856415924440103,2.21386474494715,-0.35133906889312894,-0.5989681062741697,0
2.0309301522154297,0.6008584263992972,1.7110276068036387,-0.2856415924440103,-0.5441755492176891,-0.3125473215650746,0.5498729393089568,0
-0.006923975053929921,1.74454810511329,2.1371765677423316,5.753637790657921,0.5734616941693698,3.489043916584252,-0.9149666964235864,0
0.7013978107847085,0.3379519222339149,0.8756061049057069,-0.2856415924440103,0.10477510823286125,0.15295364637157763,-1.1050628104520026,1
1.179666931596725,0.591826446543294,0.7645712903525408,-0.2856415924440103,-0.5802283635204974,0.11416189904352328,-0.9118927553936981,1
-1.156520430191129,-1.276674110995346,0.6541973249497216,-0.2856415924440103,-0.5802283635204974,0.6184546143082299,1.6255430000751023,0
-0.03956484883533956,0.3003707832328757,0.8666470925245173,-0.2856415924440103,-0.5802283635204974,0.3469123830118494,-0.48761432289002504,0
0.711374084575739,0.41733220675577626,1.2057059605838143,-0.2856415924440103,-0.5802283635204974,0.23053714102768633,-1.4266554277614898,1
-1.2501969621794153,-1.078707439241727,0.008313410905505886,-0.2856415924440103,-0.4179906991578598,-0.7392565421736724,1.9417760687118795,0
2.1452869815376863,0.6318949396587471,1.7347667504076851,-0.2856415924440103,1.510834866042387,-0.7392565421736724,2.66356983924339,0
0.8383395761719442,0.49715139294787086,1.0150060716055014,-0.2856415924440103,-0.3098322562494348,-0.7392565421736724,-0.8979521784042567,1
0.4460205567089756,0.036993817578163155,-1.6178248418544576,-0.2856415924440103,-0.5802283635204974,-1.0495905207981073,0.6223340800878359,0
-1.3071650623717748,-0.17750726358517763,-1.2634492907754737,-0.2856415924440103,1.114253908711495,-0.7392565421736724,-0.41672303191960997,0
-0.7751906757568658,0.8220898224724015,0.7710758832535884,-0.2856415924440103,3.8182149814221216,-0.9332152788139442,-0.25249259041873334,0
-0.19518641172947063,1.3024875171732484,0.7836493297939446,-0.2856415924440103,-0.5441755492176891,-0.7004647948456181,-0.5173623044882322,0
0.7178932538757025,0.26116614842154384,0.2788243996838989,-0.2856415924440103,0.8438578014404324,-0.5452978055334007,-0.4696933055095921,3
-1.1065663374321895,0.7389267633545835,1.4556791210597462,-0.2856415924440103,2.033600673433108,-0.5452978055334007,-0.737933176616073,0
0.021330429154346124,0.3002144520359532,0.4287141169899539,-0.2856415924440103,-0.5802283635204974,-0.6616730475175637,-0.16190736836039943,0
0.45707474545599003,0.036016197135436336,-1.845201789586062,-0.2856415924440103,-0.5622019563690932,-0.8556317841578355,-0.3374530932641894,0
0.8834010644262369,-2.0879537565009048,1.8915711687969035,-0.2856415924440103,-0.436017106309264,1.3942895608693169,-0.9442317729698505,0
1.0310909602634537,0.007356211648920081,0.039726981591322624,-0.2856415924440103,-0.5802283635204974,-0.5452978055334007,-6.154543114075825e-05,0
1.8686661999921965,-2.4118389688067308,-0.802164545744031,-0.2856415924440103,-0.1475945918867972,-0.8944235314858898,1.9267588902191268,0
1.4402521588267365,-2.2999425292742655,0.3611091414673288,-0.2856415924440103,-0.16562099903820138,-0.8168400368297811,-0.7448928901749942,0
-1.2204888921092836,0.04141072435318432,-0.7539023174761447,-0.2856415924440103,-0.436017106309264,-0.27375557423702024,-0.3295045741227176,0
-1.263099661024123,-0.08036834225234163,-0.30546862103847267,-0.2856415924440103,1.8533366019190662,0.30812063568379505,-0.6763578975248102,0
1.5669652901175541,0.537992734656562,0.8935706235615192,-0.2856415924440103,1.7992573804648537,-0.3901308162211833,-0.828873132205928,0
0.21943915359508134,1.3040743155194763,-0.8528436233609837,-0.2856415924440103,-0.5802283635204974,-0.7392565421736724,1.488083191148038,0
1.9105345286980122,-2.326042499667515,-2.095833638766479,2.7339980991069552,-0.5802283635204974,-0.8556317841578355,-0.00356226149725803,0
-0.9855909987691743,-1.3136174480709137,-1.8733599137096268,-0.2856415924440103,-0.05746255612977633,-0.7392565421736724,0.04482248746209247,0
-1.1988543049554135,-0.23116482764439117,-1.6488998191638171,-0.2856415924440103,-0.3819378848550515,-0.7004647948456181,0.2212523131255,0
-1.40115351249352,-0.9511632010313806,-1.0442996114139242,-0.2856415924440103,-0.5802283635204974,-0.6228813001895094,2.533576084210092,0
-1.177709143848356,-1.2441689652239603,-0.2628373210739263,-0.2856415924440103,-0.5802283635204974,-0.04100509026869413,1.7388208641658185,0
1.3045228536512383,0.639677737837934,0.915188964797595,-0.2856415924440103,-0.5622019563690932,-0.19617207958091154,-0.3913340129409349,0
-1.1819568252035215,-1.240165271894326,-0.5321632719781341,-0.2856415924440103,-0.5802283635204974,0.46328762499601245,1.8611213750024858,0
-1.101228705180486,-0.11433331314428541,0.2319358393271534,-0.2856415924440103,-0.23772662764381808,1.5494565501815343,-0.17578779426681915,0
0.6483080445742313,-1.9327021989712039,-0.9109295124766567,-0.2856415924440103,-0.5802283635204974,0.9287885929326647,-1.3638711111161275,0
-0.2438604802560814,1.4167223191160212,1.0763324883583452,-0.2856415924440103,-0.5802283635204974,-0.5065060582053463,0.14124252950011315,0
-0.5993054644682445,-0.7630101651183778,-0.4352020291663233,-0.2856415924440103,-0.5802283635204974,-0.35133906889312894,1.9375613618819978,0
-1.3294780686230618,-0.8926645075125365,-0.03523343084144898,-0.2856415924440103,0.7897785799862199,2.092541012774295,1.3265946149173675,0
1.0961175330936876,0.5863533867524441,1.6175008674342237,-0.2856415924440103,-0.5802283635204974,1.8985822761340234,-1.0660133619290442,1
-1.4405238807043705,-0.19615177717871324,0.10956654643067491,-0.2856415924440103,0.24898636544409466,0.5408711196521212,0.595324068350881,0
-0.4215887717879037,-1.687113228098719,-0.4372729556743812,-0.2856415924440103,-0.436017106309264,0.7736216036204473,-0.3426630142526416,0
2.0946996142307217,0.5076938404248426,2.028930111747635,-0.2856415924440103,-0.3458850705522431,-0.0022133429406397784,0.13239124147990347,0
-0.37439929939376493,-1.694544464572148,-0.0004560431375445347,-0.2856415924440103,-0.11154177758398885,1.6658317921656973,-0.4758854978462208,0
-1.816598900560752,0.3357236522158092,-0.14380065654584967,-0.2856415924440103,-0.5622019563690932,-0.5065060582053463,2.246830884380077,0
-1.1834505753315252,-1.2485601837741378,0.1738641572198007,-0.2856415924440103,-0.3098322562494348,0.19174539369963198,-0.040230499931432864,0
-0.6115961533259762,-0.7533866221416269,0.9604169316681711,-0.2856415924440103,-0.5802283635204974,0.07537015171546893,0.10858128463772297,0
-1.3777076850809071,0.3707491798192683,1.22010091106254,-0.2856415924440103,0.6095145084721781,0.6572463616362842,-1.3658825243782813,0
0.4848137967729664,-1.9563184849964448,-0.33889129678232177,-0.2856415924440103,-0.11154177758398885,-0.5065060582053463,-0.9161735192492081,0
0.7314108144470656,0.2816682876461153,-0.5974881260793109,-0.2856415924440103,1.7812309733134495,-0.3901308162211833,-0.6869090996028537,0
0.7408055216826884,0.2996727974663343,2.016234932294054,5.753637790657921,1.4928084588909827,4.730379831081992,-1.14681446332739,0
-0.04255985423054096,-1.7862360143389804,0.5953979131520377,-0.2856415924440103,-0.2737794419466264,-0.27375557423702024,-0.09485745325204759,0
-0.04938634689834876,0.3037513536226653,0.8444591499783031,-0.2856415924440103,-0.5441755492176891,0.3469123830118494,0.27095568943036974,0
-0.9601402757637757,0.9021930470363694,1.3371490442803784,-0.2856415924440103,1.8893894162218745,-0.7392565421736724,-0.7664606386281432,0
-0.03931109553063185,0.3116449781433298,-0.1582299519483498,-0.2856415924440103,-0.3819378848550515,-0.27375557423702024,0.835147257064245,0
-0.0351001438718233,0.3053792531286487,-0.04495018808860442,-0.2856415924440103,-0.2197002204924139,-0.6616730475175637,0.4662450433008305,0
0.020979961896847057,0.3021983169433772,0.437482048246635,-0.2856415924440103,-0.5802283635204974,-0.3901308162211833,0.725969990238092,0
-1.3339520412963402,-0.093994844609447,-0.08595206296950098,-0.2856415924440103,1.402676423133962,0.851205098276556,-0.9862245328107379,0
0.6212940565104752,0.16154574456854176,-0.39800431310933293,-0.2856415924440103,-0.5441755492176891,0.11416189904352328,-0.8873665930592765,3
1.9841867807463947,-2.4043717688185184,-0.6924999708215915,-0.2856415924440103,0.285039179746903,-0.584089552861455,1.1957257122821279,0
1.0900629894776424,0.5965648231035389,0.20740925687843054,-0.2856415924440103,-0.5802283635204974,-0.42892256354923763,-0.2951925554723025,3
-0.6022250773288184,-0.7555987452755434,1.4083974630356737,-0.2856415924440103,-0.5802283635204974,1.4330813081973712,-0.004448404205117632,0
-1.3215119319401158,-0.11841553904702308,-0.32808171170653966,-0.2856415924440103,1.312544387376941,1.0063720875887734,-0.7570096225556053,0
1.2117001733890216,-2.162324103228432,-0.5452586162563989,-0.2856415924440103,-0.3819378848550515,-0.11858858492480283,-0.7675998572596597,0
-1.1013328674153562,0.7714223677853118,1.6441119564448052,-0.2856415924440103,0.19490714398988213,0.30812063568379505,0.2946938717918433,0
-0.05503936556753187,0.30409777768345136,0.7056172596754099,-0.2856415924440103,-0.5802283635204974,1.4718730555254256,-0.42741567818164916,0
-0.5685581600482477,-0.737249279293101,0.9520162299594924,-0.2856415924440103,-0.5802283635204974,1.1227473295729364,-0.8385485740975578,0
0.7371937880483499,0.17353260423116523,-1.273899467611142,-0.2856415924440103,3.7280829456651006,-0.584089552861455,-0.8501724744163106,0
0.05166546263272613,0.731668004962265,-0.6435401255769077,-0.2856415924440103,-0.5802283635204974,-0.9332152788139442,0.15535597311553562,0
-0.03955973169498023,0.3798648298933427,0.2706733567169748,-0.2856415924440103,0.05069588677864873,-0.467714310877292,0.5248069251275808,0
-0.05207853129850777,0.3051451233079042,0.26894406346273697,-0.2856415924440103,-0.2197002204924139,-0.0022133429406397784,0.2876924396596083,0
-1.5234695419306794,-0.7084990180449816,0.34004549703891074,-0.2856415924440103,-0.5802283635204974,0.967580340260719,1.6121989625572721,0
-0.6046354778665234,1.1927855859919478,0.7437585143002177,-0.2856415924440103,-0.5802283635204974,-0.8556317841578355,-0.30007186933307767,0
-1.8211697577581667,-0.5107686779599501,0.7569154623572288,-0.2856415924440103,-0.23772662764381808,1.3167060662132082,1.685845815558409,0
0.8484138965044014,0.17185553012333568,0.5175534389680672,-0.2856415924440103,1.2764915730741326,1.5494565501815343,-0.7213406821764861,0
0.9429219922296365,0.40350900599127404,1.393053630310465,-0.2856415924440103,2.0696534877359163,1.4718730555254256,-1.1980909879724997,0
-0.9852390532266821,-1.3169437062138838,-0.8891851403915296,-0.2856415924440103,0.08674870108145707,-0.27375557423702024,-0.3472917653568274,0
-1.5353706458357208,-0.37381814576012384,-0.3863772021049236,-0.2856415924440103,-0.5081227349148807,-0.27375557423702024,1.9077758084361376,0
-0.03893134685885449,0.3033777734384688,0.8193921301877244,-0.2856415924440103,-0.23772662764381808,0.8124133509485016,-0.23925775000996896,0
-0.5534150634399947,0.2636791907608056,-0.6660253111361348,-0.2856415924440103,-0.5261491420662848,-0.8944235314858898,1.1546831809093117,0
-1.1209490269830455,-0.562468799285866,0.5759316194810339,-0.2856415924440103,-0.5802283635204974,0.15295364637157763,-0.8813177769038258,0
-0.6203855810356232,-0.7350525690940923,0.525104121928102,-0.2856415924440103,-0.5802283635204974,0.46328762499601245,1.6244380861740506,0
-1.1494952787631487,-1.2859908631725023,0.4984575091397411,-0.2856415924440103,-0.20167381334100973,0.6572463616362842,1.6350609920499772,0
0.4925202954397915,0.044711294271310695,-0.46993198850174905,-0.2856415924440103,-0.5802283635204974,0.19174539369963198,-1.0880147455791507,0
1.2062007257877334,-2.050132616084872,-0.09266152868140243,-0.2856415924440103,1.1322803158628993,1.0451638349168277,-1.3724100988600145,0
-1.123049669957666,-0.07261123229800245,-0.36857688845511555,-0.2856415924440103,3.998479052936163,0.23053714102768633,-0.21416825342380996,0
0.9676071199658853,0.3699513769504651,0.4067171812614491,-0.2856415924440103,3.565845281302463,-0.3901308162211833,0.254912761799181,0
-0.9981633577751297,-1.2063992012576203,-0.2061666408377466,-0.2856415924440103,1.5468876803451952,1.7046235394937517,-0.7994545011518641,0
2.1212061738635954,0.605737721221554,1.2638929877858047,-0.2856415924440103,-0.03943614897837215,-0.3125473215650746,1.041741955547233,0
0.7322660129760491,0.4887146459590234,0.27429040535645255,-0.2856415924440103,-0.5261491420662848,0.036578404387414575,-1.0103782045175798,1
0.12437246514251013,0.144512983596799,-0.9228733799220054,-0.2856415924440103,-0.5802283635204974,-0.27375557423702024,-0.993953024175485,0
-0.6279191487868608,-0.7386555261161225,0.553979443510171,-0.2856415924440103,-0.5802283635204974,0.7736216036204473,-0.7151646369382636,0
-0.07027889184300068,0.008619338362082889,-0.4424313369693482,-0.2856415924440103,-0.5802283635204974,0.5796628669801756,-1.1728085272774695,0
-0.6032281505534773,-0.735325598226743,0.5386686118664082,-0.2856415924440103,-0.5802283635204974,-0.27375557423702024,2.0449218484548735,0
-1.333500140945496,-1.0096046465062813,-0.521762325054192,-0.2856415924440103,-0.5441755492176891,-0.5452978055334007,1.8268233044292936,0
1.7229297014157605,0.7794385618359592,1.164564907547121,-0.2856415924440103,-0.5081227349148807,-0.6616730475175637,2.131096336652093,0
0.6972612921967101,0.3343027264071612,-0.13671106333078917,-0.2856415924440103,0.21293355114128631,-0.35133906889312894,-0.6318490019382245,3
-0.5159554354393182,-1.7000857816461652,1.2119298668065885,-0.2856415924440103,-0.5261491420662848,-0.27375557423702024,0.5023529711373955,0
-0.6214082131078782,-0.7421674734272695,1.7611238313485316,-0.2856415924440103,-0.5802283635204974,1.083955582244882,-0.6307687170744314,0
